chrom	start	end	gene_id	strand	contact_wmel	contact_dox	rnaseq_cov	microc_cov	mappability	wgcna_module	wgcna_DE_condition	wgcna_padj
2L	5999994	6000797	CG4766	-	0.20376804907102217	0.28923328857344677	7.112926350732521	503.53222751261137	1.0	NA	NA	NA
2L	6001511	6001960	CR44498	+	0.23976793885231018	0.357096403837204	72.46815102668542	620.319055502027	1.0	NA	NA	NA
2L	6012075	6013181	CG4746	-	0.1370777757080511	0.2246160884177275	30.304701776983077	380.2307384277123	1.0	NA	NA	NA
2L	6013708	6013827	CR44499	+	0.1713080108165741	0.26226097345352173	85.28168128518497	436.8003324620864	1.0	NA	NA	NA
2L	6037758	6037800	CG4336	-	0.2107594907283783	0.24092623591423035	1.0199999809265137	307.5799865722656	1.0	3	celltype_JW18_vs_S2	1.49040788601149e-07
2L	6037892	6037979	CG5941	+	0.2107594907283783	0.24092623591423035	-0.014712643349307707	150.95585825251436	1.0	NA	NA	NA
2L	6040005	6040098	CG5937	+	0.27932488918304443	0.26421231031417847	30.72322593196746	169.17870946084298	1.0	4	wMel_vs_uninf	2.8170245294118904e-44
2L	6050828	6051319	CG5921	+	0.18697998753147552	0.24824915756518875	-17.97507121946564	500.6433382597572	1.0	NA	NA	NA
2L	6065729	6066416	CG43115	-	0.21435627911722469	0.24504177651898135	15.318922806861966	346.33196726081326	1.0	NA	NA	NA
2L	6067958	6068303	CG5928	+	0.21434140166510707	0.2738242338532987	20.612289605624433	227.71455082547837	1.0	NA	NA	NA
2L	6074577	6074857	CG4690	-	0.2012658268213272	0.3049303889274597	248.92543046133858	492.47107620239257	1.0	NA	NA	NA
2L	6077337	6077786	CG4666	-	0.2385021150112152	0.3413555324077606	162.08356351788697	456.7689522316302	1.0	NA	NA	NA
2L	6081342	6081372	CG4660	-	0.16751055419445038	0.2582281827926636	9.85066655476888	526.325341796875	1.0	NA	NA	NA
2L	6088272	6090201	CG4320	-	0.19349551434928486	0.27609862184017786	80.69671338082843	410.4063186884396	1.0	NA	NA	NA
2L	6091117	6091471	CG4317	-	0.20843881368637085	0.29257187247276306	57.662711698456675	378.94468163096974	1.0	2	celltype_JW18_vs_S2	1.04436507798547e-21
2L	6089878	6090118	CR44959	+	0.21627637296915053	0.3065792833765348	60.75516718228658	395.8780034383138	1.0	NA	NA	NA
2L	6091205	6091568	CG5905	+	0.20843881368637085	0.29257187247276306	77.08253432765152	392.8541509034548	1.0	NA	NA	NA
2L	6192347	6192483	CG15899	-	0.22911392152309418	0.2911408841609955	-0.30147058385259967	278.2258785472197	1.0	NA	NA	NA
2L	6195712	6196439	CG32750	-	0.2008466364756903	0.2399900250208591	-0.07235213097548715	293.45373115382137	1.0	NA	NA	NA
2L	6198547	6198654	CG32751	-	0.2039029598236084	0.2508130669593811	-0.011214953438143865	327.90111648702174	1.0	NA	NA	NA
2L	6199782	6199891	CG43090	-	0.20305907726287842	0.24795109033584595	0.0	368.90642750591314	1.0	NA	NA	NA
2L	6202471	6202559	CG32754	-	0.20358650386333466	0.2437882125377655	-0.22727273065935483	338.1084098815918	1.0	NA	NA	NA
2L	6219235	6219327	CG3599	-	0.2016877681016922	0.2850266695022583	0.064565217041451	407.2197773145593	1.0	NA	NA	NA
2L	6219957	6220417	CG3774	+	0.20369588755395102	0.28762111352837605	0.11304347903832146	472.5436536706012	1.0	1	celltype_JW18_vs_S2	6.47693185310395e-66
2L	6225007	6225140	CG3595	-	0.21487341821193695	0.2744894027709961	-1.5281203187497936	506.8306632364603	1.0	2	celltype_JW18_vs_S2	1.7892758562477098e-101
2L	6225647	6226220	CG14446	+	0.2113093766814543	0.28303037388786595	0.0	468.74404758100525	1.0	2	celltype_JW18_vs_S2	2.28783036384437e-90
2L	6237315	6237663	CG14445	+	0.22668775916099548	0.30896317958831787	-0.054597700464314426	569.3330469241088	1.0	NA	NA	NA
2L	6255262	6255487	CG3585	-	0.21550633013248444	0.3005073368549347	-0.08444444338480632	636.7775244140626	1.0	1	celltype_JW18_vs_S2	1.36451404156129e-46
2L	6255822	6255944	CG3780	+	0.21550633013248444	0.3005073368549347	0.0	262.7239304839588	1.0	NA	NA	NA
2L	6267004	6267228	CG3576	-	0.22046414017677307	0.2543254792690277	-0.22321428531514748	123.10196617671421	1.0	1	celltype_JW18_vs_S2	3.75606896571513e-105
2L	6261169	6262119	CG3781	+	0.21024594377530248	0.2867341272140804	0.2542736859698045	449.1056632272821	1.0	8	wMel_vs_uninf	1.11989454825699e-27
2L	6267797	6267945	CG12225	+	0.22046414017677307	0.2543254792690277	-1.6189189235100876	623.8332354571369	1.0	11	celltype_JW18_vs_S2	0.0001794262931617
2L	6276532	6276724	CG3566	-	0.2212025374174118	0.26889553666114807	-0.7820833263297876	299.4945839246114	1.0	1	celltype_JW18_vs_S2	1.71469084703601e-07
2L	6279136	6279647	CG32744	-	0.2216244786977768	0.28697800636291504	0.0	510.28763098072864	1.0	2	celltype_JW18_vs_S2	0.0
2L	6279680	6280012	CR45530	+	0.22112882478409504	0.2865736315767449	-0.06156626648931618	433.30181434355586	1.0	NA	NA	NA
2L	6283458	6283575	CG11700	-	0.18808016180992126	0.2651229202747345	0.0	551.0386162130242	1.0	NA	NA	NA
2L	6287641	6287990	CG3458	-	0.1934599131345749	0.28333550691604614	-1.438395410007597	397.09140259488606	1.0	2	celltype_JW18_vs_S2	4.02845089780315e-05
2L	6288100	6289562	CG15897	+	0.20502606250355898	0.28922975430247233	0.20383036887800646	444.04202402013107	1.0	6	celltype_JW18_vs_S2	0.001871928086489
2L	6291015	6291245	CG3455	-	0.17225737869739532	0.27162742614746094	1.4834782772738	498.0434802511464	1.0	10	celltypeJW18.infectionwMel	0.0097880233219125
2L	6291303	6292668	CG15896	+	0.1747868625781475	0.28531496673276574	0.4225494438147807	651.0469281207074	1.0	5	wMel_vs_uninf	0.0001957196975753
2L	6293810	6294343	CG15892	-	0.18376992382877988	0.2942032386281477	3.736810633210259	526.2337336155532	1.0	NA	NA	NA
2L	6294517	6295345	CG15891	-	0.18446730449795723	0.28434369216362637	6.635676345099574	560.680261142012	1.0	NA	NA	NA
2L	6295389	6295553	CG3815	+	0.185759499669075	0.280473530292511	4.999877974754426	486.96268184010574	1.0	2	celltype_JW18_vs_S2	1.28418204374116e-75
2L	6301035	6301285	CG12219	-	0.1819620281457901	0.23871470987796783	35.956000849306584	389.7612030029297	1.0	2	celltype_JW18_vs_S2	6.848263245120311e-09
2L	6303975	6304223	CG3823	+	0.21992904548683473	0.2972545913390575	1.1225806469878843	411.75573189027847	1.0	NA	NA	NA
2L	6309212	6309454	CG15894	+	0.19778481125831604	0.31260570883750916	3.1846281152126217	648.6813293961454	1.0	4	celltype_JW18_vs_S2	4.37345837379145e-06
2L	6330842	6333028	CG42240	+	0.2204532275506366	0.32661623201671264	-71.259560213409	573.9303979871912	1.0	12	celltypeJW18.infectionwMel	5.94407831393774e-76
2L	6337762	6338463	CG3842	+	0.1709614687528828	0.24779872755691432	-44.13141281609443	454.32885341671494	1.0	NA	NA	NA
2L	6347103	6349236	CG3847	+	0.2164061883219072	0.29641846051475446	0.8713157909610171	479.15511896390063	1.0	6	celltypeJW18.infectionwMel	3.47138693143037e-08
2L	6350293	6350401	CG3446	-	0.22373417019844055	0.26096007227897644	0.406296297321441	275.69795905219183	1.0	NA	NA	NA
2L	6350629	6350954	CG3861	+	0.22373417019844055	0.26096007227897644	-0.18264613958505485	453.12659038837137	1.0	1	celltype_JW18_vs_S2	0.0
2L	6365326	6365708	CG3429	-	0.0	0.0	149.68711964871872	157.69266885987128	0.05695857308531931	NA	NA	NA
2L	6365949	6366232	CG3869	+	0.15020799173483157	0.21478508302263993	-42.08466374916238	268.1717353524252	1.0	2	celltype_JW18_vs_S2	1.1025391783525e-09
2L	6370578	6371026	CR44816	-	0.16431114676275424	0.21649491933307477	46.00580333811896	349.1275010790144	1.0	NA	NA	NA
2L	6372905	6372915	CG12217	-	0.20886075496673584	0.2898399829864502	2.1600000858306885	381.8800048828125	1.0	5	wMel_vs_uninf	1.89673603567737e-07
2L	6384220	6384278	CG33664	+	0.21835443377494812	0.24521920084953308	2.67172412214608	265.94897145238417	1.0	NA	NA	NA
2L	6400042	6400100	CG33669	-	0.2327004224061966	0.28112396597862244	96.70275668440193	189.17586596258755	1.0	NA	NA	NA
2L	6419376	6419434	CG33668	-	0.22035865485668182	0.22661636769771576	12.190344744715198	190.38965527764682	1.0	NA	NA	NA
2L	6523732	6524323	CG42340	-	0.21081839116091655	0.34898657655554577	-8.922910302801785	750.728926450468	1.0	3	celltype_JW18_vs_S2	1.06394192238092e-106
2L	6472315	6472378	CG33667	-	0.21339662373065948	0.3024587035179138	16.424443774753147	610.3377617730034	1.0	NA	NA	NA
2L	6476885	6476967	CG33666	-	0.19799578189849854	0.2284376174211502	-100.02780602617962	124.78439103103265	1.0	NA	NA	NA
2L	6478786	6478849	CG33665	-	0.19936709105968475	0.20541173219680786	299.739990234375	171.27777099609375	1.0	NA	NA	NA
2L	6516974	6517046	CR32748	+	0.21703879204061297	0.35745053241650265	-5.09499990940094	720.4644334581163	1.0	NA	NA	NA
2L	6524464	6524794	CG3918	+	0.21139240264892578	0.3403148055076599	-8.615393916043368	664.4334528142756	1.0	2	celltypeJW18.infectionwMel	2.11497360367156e-05
2L	6527751	6527888	CG3342	-	0.1952531635761261	0.31637829542160034	7.576934400266104	706.1624795955463	1.0	1	celltype_JW18_vs_S2	2.06261378199842e-07
2L	6528948	6529265	CG3926	+	0.18388871096474138	0.207841173378451	5.895835956940515	188.13691268583955	1.0	NA	NA	NA
2L	6533124	6533167	CG3314	-	0.21856540441513062	0.29985690116882324	0.8204650920490886	402.9786078874455	1.0	10	wMel_vs_uninf	0.0014778805500819
2L	6531635	6531701	CR33663	-	0.23702532052993774	0.335501492023468	1.7063636648835558	671.5472587816643	1.0	NA	NA	NA
2L	6533999	6534901	CG3929	+	0.20044205896143374	0.28309393748475814	-0.5975609516968616	341.75978047779023	1.0	2	celltype_JW18_vs_S2	1.32229007644399e-53
2L	6540771	6541327	CG34417	+	0.20960428083328891	0.32394901325376774	-0.07374100923109397	497.03773257029144	1.0	5	celltypeJW18.infectionwMel	0.0
2L	6589290	6589832	CG17717	+	0.22879746556282043	0.2859373092651367	0.0	317.98420293040823	1.0	2	celltype_JW18_vs_S2	1.8915771481460902e-14
2L	6590776	6591005	CG10695	+	0.2494352619981141	0.2908687741215052	-0.0903930121373922	393.7240183467948	1.0	2	celltype_JW18_vs_S2	1.0007996892569099e-175
2L	6592925	6593069	CR43832	-	0.22312104453643164	0.3065294126669566	0.0	417.619168387519	1.0	2	celltype_JW18_vs_S2	6.45188964590105e-31
2L	6597088	6597195	CG14444	+	0.24641349911689758	0.3051905930042267	0.0	463.26205701025845	1.0	2	celltype_JW18_vs_S2	1.5453122634864898e-18
2L	6600062	6600510	CG3973	+	0.24240505695343018	0.2851567566394806	1.2564286153231348	452.6798291887556	1.0	10	wMel_vs_uninf	1.75066512375938e-41
2L	6633959	6636169	CG14443	+	0.23110678406322704	0.3085592003834194	-238.11759776743355	446.5646725113122	1.0	4	wMel_vs_uninf	2.30607209666812e-11
2L	6637123	6637548	CR44817	+	0.23607595264911652	0.306231290102005	-47.74437575452468	379.7464956485524	1.0	NA	NA	NA
2L	6654146	6654248	CG3226	-	0.22531644999980927	0.2674645483493805	-138.05097781910615	298.8897926480162	1.0	3	celltype_JW18_vs_S2	4.53850163293189e-76
2L	6654541	6654896	CG32742	+	0.22531644999980927	0.2674645483493805	-7.086929512023926	370.63216269049843	1.0	2	celltype_JW18_vs_S2	2.0862188638041e-226
2L	6661354	6661462	CG3224	-	0.23860760033130646	0.2627813220024109	-25.15222270400436	360.6170354772497	1.0	8	celltypeJW18.infectionwMel	4.24124093350749e-10
2L	6661647	6661801	CG3977	+	0.23860760033130646	0.2627813220024109	-85.339610409427	178.30090748180044	1.0	1	celltype_JW18_vs_S2	0.0
2L	6673637	6673973	CG3198	-	0.19335442781448364	0.23507219552993774	-72.01803574675606	447.94434138706754	1.0	2	celltype_JW18_vs_S2	1.36816677776158e-87
2L	6674387	6677176	CG4039	+	0.25031440804704796	0.2945700954390752	-128.04869190617086	392.58878630333453	1.0	3	celltype_JW18_vs_S2	0.0
2L	6678540	6679118	CG3192	-	0.26825842364436614	0.3681423145388237	-22.21785456870254	687.618755828963	1.0	9	wMel_vs_uninf	1.0767713948995699e-12
2L	6678424	6678616	CG4094	+	0.2719409167766571	0.3712761700153351	-54.483124097188316	733.2695808410645	1.0	2	celltype_JW18_vs_S2	1.41121326186973e-131
2L	6681767	6681913	CG4095	+	0.25833332538604736	0.3119552433490753	7.28369872619028	389.98192648691673	1.0	NA	NA	NA
2L	6683798	6683821	CG4523	+	0.19177214801311493	0.2730584144592285	-96.49739373248556	441.76001109247625	1.0	2	celltype_JW18_vs_S2	5.61292460150144e-71
2L	6687363	6687420	CG44303	-	0.21223628520965576	0.22245348989963531	-1.7256140520698147	189.0059635095429	1.0	NA	NA	NA
2L	6687596	6688774	CG3184	-	0.19788939600687075	0.21433336827872362	-2.571952449496209	188.58818319738418	1.0	11	celltypeJW18.infectionwMel	1.52460259591071e-07
2L	6692403	6695001	CG14442	-	0.2289423759197895	0.26860800746819713	-4.717490886172994	330.96623267898383	1.0	3	celltype_JW18_vs_S2	3.45691151031051e-207
2L	6695866	6698503	CG14440	-	0.22970387692767016	0.29873951525908776	-11.224339212285098	453.5236798445203	1.0	3	celltype_JW18_vs_S2	3.38319465219918e-75
2L	6699508	6700353	CG14441	+	0.21789229572171995	0.2898583055953302	-30.118887263501183	415.40248196393077	1.0	11	celltypeJW18.infectionwMel	2.45392642021472e-52
2L	6730356	6730533	CG3168	-	0.24324893951416016	0.30467021465301514	-71.06192027377543	404.52903687213103	1.0	7	wMel_vs_uninf	0.0
2L	6732717	6732867	CR43461	+	0.22215190529823303	0.3473396599292755	1.273866637547811	760.9184037272136	1.0	2	celltype_JW18_vs_S2	1.01518755165056e-87
2L	6744196	6744238	CG3203	-	0.23280590772628784	0.3405750095844269	-3.1257143375419436	626.7847638811384	1.0	3	celltype_JW18_vs_S2	0.0003788944255058
2L	6742349	6742491	CR33799	-	0.22278481721878052	0.34916090965270996	0.0	706.9857882647448	1.0	9	wMel_vs_uninf	0.001636326323574
2L	6742686	6742826	CR33751	-	0.22278481721878052	0.34916090965270996	0.0	556.8482849121094	1.0	5	celltypeJW18.infectionwMel	0.0007018680694423
2L	6742852	6743001	CR34591	-	0.22280747168416146	0.3488509642997844	-1.0297986781037094	680.2447014111001	1.0	1	celltype_JW18_vs_S2	0.0026348940146499
2L	6743675	6743815	CR34592	-	0.22616033256053925	0.302979052066803	-1.6021428448813302	566.8199986049107	1.0	NA	NA	NA
2L	6744471	6744543	CR32740	-	0.23280590772628784	0.3405750095844269	-0.8388888984918594	527.3105591668022	1.0	NA	NA	NA
2L	6744879	6744942	CR44895	+	0.23280590772628784	0.3405750095844269	0.9799999992052714	544.4800008138021	1.0	NA	NA	NA
2L	6747864	6748020	CR44964	-	0.22002326372342232	0.3350478456570552	-0.5666666581080511	483.99204821464343	1.0	NA	NA	NA
2L	6747544	6748040	CG14439	+	0.21893460183374344	0.33357532418543295	-2.360887103023068	642.3345159715221	1.0	NA	NA	NA
2L	6756322	6756700	CG14438	+	0.20379747450351715	0.29855599999427795	-3.3619048226447332	443.740318338707	1.0	2	celltype_JW18_vs_S2	2.8999479390324497e-62
2L	6759425	6759491	CR43496	-	0.2016877681016922	0.27735137939453125	0.7727272749850245	366.5721153490471	1.0	6	celltypeJW18.infectionwMel	2.71656029084821e-05
2L	6771225	6771373	CG14437	+	0.19050632417201996	0.31650838255882263	-4.268378385015436	785.9456700505438	1.0	2	celltype_JW18_vs_S2	2.95665716325362e-07
2L	6779411	6779659	CG3135	-	0.19335442781448364	0.31013399362564087	1917.064032708445	434.48596289850053	1.0	2	celltype_JW18_vs_S2	8.58120864965455e-39
2L	6803107	6803593	CG42328	-	0.22637130320072174	0.3037596046924591	0.0	427.5806538774153	1.0	1	celltype_JW18_vs_S2	1.06343393054316e-192
2L	6803684	6803766	CG4532	+	0.22637130320072174	0.3037596046924591	0.8126829266548157	472.18244226967414	1.0	2	celltype_JW18_vs_S2	2.7784018412094898e-70
2L	6813978	6814256	CG4536	+	0.24740460815189555	0.3405515890327289	0.0	407.7027326625028	1.0	2	celltype_JW18_vs_S2	2.18353183958332e-06
2L	6820683	6820919	CG3075	-	0.24061182141304016	0.335501492023468	-0.004322033801700099	414.5708468162407	1.0	3	celltype_JW18_vs_S2	4.46025712406781e-37
2L	6821016	6821160	CG4542	+	0.199472576379776	0.2449590265750885	0.14166667229599422	241.42166010538736	1.0	9	wMel_vs_uninf	2.76253167535734e-13
2L	6823204	6823355	CG4547	+	0.19852320849895477	0.2887992858886719	-0.2442384074065859	500.5953755157673	1.0	NA	NA	NA
2L	6824496	6824986	CG32743	+	0.22331222891807556	0.2967347502708435	0.6122448979591837	277.0927364427216	1.0	3	celltype_JW18_vs_S2	4.76988245021632e-153
2L	6832183	6832684	CG12796	-	0.1799578070640564	0.2320801317691803	-0.13772454819160546	236.90291228456172	1.0	NA	NA	NA
2L	6842522	6843921	CG14435	-	0.21437230639111748	0.3041227127587139	-0.05718370349684982	461.7123249918329	1.0	2	celltype_JW18_vs_S2	4.9995528192883e-40
2L	6844341	6845174	CG4557	+	0.2148555629536742	0.30125836901017883	-0.11884754016047337	475.4808895848378	1.0	3	celltype_JW18_vs_S2	9.37249331971907e-41
2L	6848552	6849517	CG3044	-	0.22999934234458547	0.29854132109973097	-0.06839378201282086	441.2708977733869	1.0	3	celltype_JW18_vs_S2	6.092072634701e-26
2L	6849770	6851884	CG4558	+	0.21973921307834005	0.3034702344333212	-0.013302255317850276	444.08021641438035	1.0	3	celltype_JW18_vs_S2	1.84456779025708e-70
2L	6866802	6867194	CG14434	-	0.23733800163074414	0.31625285577409123	-3.565714291772064	226.8562246828663	1.0	3	celltype_JW18_vs_S2	6.187291752042879e-49
2L	6860339	6863235	CR45531	+	0.22954293604405052	0.26916483291604903	-14.77845914485811	291.9529165227901	1.0	1	celltype_JW18_vs_S2	3.35069132774978e-203
2L	6863888	6864116	CG43736	+	0.22109149291849972	0.2972368503871717	-4.015087728045489	273.09333667420503	1.0	3	celltype_JW18_vs_S2	3.35069132774978e-203
2L	6908277	6908821	CG14431	+	0.19609704613685608	0.22882789373397827	-91.53084577532375	197.4470225572586	1.0	2	celltype_JW18_vs_S2	4.79525051955408e-20
2L	6967724	6968750	CG32732	-	0.18905297488148448	0.27860207045287416	-0.8879142397212239	429.33801117835685	1.0	2	celltype_JW18_vs_S2	4.92753381253826e-16
2L	6969918	6970976	CG4586	+	0.15128715922228556	0.16419443212069276	-229.49448115703964	113.27640988110144	1.0	2	celltype_JW18_vs_S2	4.9128831092718296e-138
2L	6972324	6973393	CG3040	-	0.23821012537762648	0.23666199388015594	-11.173152450182876	143.0263980333776	1.0	3	celltype_JW18_vs_S2	7.64069270607427e-16
2L	6991241	6991318	CG3039	-	0.14187763631343842	0.16690516471862793	-6.857402566191438	544.1940418590199	1.0	NA	NA	NA
2L	6983971	6984058	CR44084	+	0.2539732754230499	0.18945405880610147	-22.580919397288355	-125.52069372418283	1.0	NA	NA	NA
2L	6986486	6987188	CG14430	+	0.29743619683461314	0.25990413668488505	-0.8679771964515206	23.76398836989009	1.0	NA	NA	NA
2L	6993180	6993612	CG2977	-	0.0	0.0	-2.7440738402031086	-268.79407451770925	0.08491159075250228	NA	NA	NA
2L	6996482	6997799	CR43837	-	0.0	0.0001578461890615913	-7.92077446214702	-339.2338888140094	0.13069095184224613	NA	NA	NA
2L	6998672	6998743	CG4590	+	0.1385021060705185	0.17379991710186005	0.8278873212320704	649.2532580738336	1.0	1	celltype_JW18_vs_S2	2.26573714977506e-139
2L	7011057	7011145	CG3035	-	0.31413501501083374	0.4311174750328064	0.0	808.1163635253906	1.0	9	wMel_vs_uninf	9.12111082784368e-05
2L	7011357	7011408	CG32736	+	0.31413501501083374	0.4311174750328064	0.0	690.1721478630515	1.0	NA	NA	NA
2L	7011357	7011408	CG42308	+	0.31413501501083374	0.4311174750328064	0.0	690.1721478630515	1.0	NA	NA	NA
2L	7012239	7013881	CG3032	-	0.2723185986044491	0.38744526838341525	-4.3158709126435015	716.4745036540804	1.0	NA	NA	NA
2L	7013887	7015009	CG4593	+	0.26981476229514245	0.3693637883493182	-30.315490236044354	652.0833737242456	1.0	1	celltype_JW18_vs_S2	0.0001221602015443
2L	7065557	7066052	CG12541	-	0.19941695759994815	0.37529633972379894	-190.04929063079334	1054.1870451339566	1.0	NA	NA	NA
2L	7040603	7041769	CG14427	+	0.20837685315011908	0.4455376896195714	-196.35646823339968	1169.542319243809	1.0	NA	NA	NA
2L	7049476	7050321	CG14426	+	0.15876326562737572	0.3442992690752244	-139.2541328294743	954.7121844951923	1.0	NA	NA	NA
2L	7069413	7070223	CG4607	+	0.2114849994212021	0.4934637078900396	-147.2704446769055	1520.2101836781444	1.0	NA	NA	NA
2L	7092697	7092883	CG43770	-	0.2059071660041809	0.39885520935058594	-5.848279514620381	936.4101116221439	1.0	3	celltypeJW18.infectionwMel	5.11268964383493e-35
2L	7085737	7085853	CR43548	-	0.1735232025384903	0.4039286971092224	-5.637931092032071	1089.579987624596	1.0	NA	NA	NA
2L	7102076	7102300	CG4615	-	0.2032700479030609	0.40314817428588867	-7.174107100282397	794.4967670440674	1.0	6	celltypeJW18.infectionwMel	7.98750082311907e-16
2L	7104361	7104491	CG4617	-	0.23154008388519287	0.43502017855644226	-8.346769068791316	690.3273935171273	1.0	3	celltype_JW18_vs_S2	0.0002221195969269
2L	7104885	7105392	CG8300	+	0.23928814597383757	0.45322553910447294	-5.259684498728615	1116.5601081923385	1.0	3	celltype_JW18_vs_S2	2.5670932829678397e-41
2L	7109956	7110321	CG4626	-	0.21805069385326073	0.4370260343159715	-3.9553972087494316	1132.2986428456763	1.0	2	celltype_JW18_vs_S2	1.3183330774424099e-270
2L	7120374	7120741	CR45532	-	0.22753164172172546	0.4759984314441681	-4.012697543370302	1263.4170746764305	1.0	NA	NA	NA
2L	7134517	7135480	CR46245	+	0.19282437229639274	0.3986785168588347	-21.862014872634152	962.2389036438052	1.0	NA	NA	NA
2L	7137723	7137973	CG9650	+	0.23090717196464539	0.49056848883628845	-36.845119178771974	1316.3393579101562	1.0	NA	NA	NA
2L	7149782	7149850	CR32730	-	0.21265822649002075	0.4959021806716919	-35.15411691104664	1318.9194156422334	1.0	NA	NA	NA
2L	7405145	7405797	CR44357	-	0.15147680044174194	0.4096526503562927	-49.559570411962966	1413.338632782544	1.0	NA	NA	NA
2L	7266904	7267883	CG1958	+	0.21506380897863892	0.43708139581870253	-0.9628600703440112	1070.1237961298598	1.0	NA	NA	NA
2L	7405145	7405797	CG1677	-	0.15147680044174194	0.4096526503562927	-49.559570411962966	1413.338632782544	1.0	2	wMel_vs_uninf	1.9102359508458e-43
2L	7286358	7286416	CG2059	+	0.28407174348831177	0.48016130924224854	0.7572413395191061	946.211703596444	1.0	2	celltype_JW18_vs_S2	5.71721818082291e-08
2L	7290793	7291298	CG1659	-	0.2750447066703645	0.43758975668708877	-2.7905346554547252	942.6776584738552	1.0	1	celltype_JW18_vs_S2	4.491989689534851e-44
2L	7307939	7311132	CG9653	+	0.3011998822332138	0.44895525100721745	-7.527492809267714	836.8301518947698	1.0	2	celltype_JW18_vs_S2	0.0
2L	7323520	7323770	CG1643	-	0.24462024867534637	0.4028880000114441	-280.0184045410156	989.99279296875	1.0	1	wMel_vs_uninf	0.0099237288316788
2L	7324214	7324672	CG2079	+	0.21603375673294067	0.3746585249900818	-170.8399116899249	1086.6543954907547	1.0	2	celltype_JW18_vs_S2	0.0
2L	7329046	7329237	CG18155	+	0.1934599131345749	0.39729413390159607	-145.5676470851399	1146.78719821151	1.0	2	celltype_JW18_vs_S2	4.40350641447261e-06
2L	7332067	7332191	CG42780	-	0.2212025374174118	0.3663327693939209	-2.0987096303893673	1020.4635762860698	1.0	NA	NA	NA
2L	7337352	7337856	CG1435	+	0.2544303834438324	0.4075712263584137	0.7380952809065108	712.0815129355778	1.0	10	celltypeJW18.infectionwMel	2.79301591037373e-24
2L	7346259	7347506	CG15034	-	0.00018804624897305374	0.00015836107874522173	41.856616127271124	258.667922735023	0.008770908534514876	NA	NA	NA
2L	7358796	7358955	CG1999	+	0.29556962847709656	0.4537530839443207	0.08176100516469224	513.3469069378931	1.0	NA	NA	NA
2L	7378140	7378394	CG15033	+	0.2624472677707672	0.4311174750328064	-1.3551181167598785	920.9847368856115	1.0	NA	NA	NA
2L	7382733	7382990	CG42781	-	0.2832278609275818	0.466241717338562	-1.3035019385675513	1035.2862392084144	1.0	NA	NA	NA
2L	7401698	7403174	CG15035	-	0.11339977183719961	0.437279630159621	-14.584878070002326	1630.6168768657901	1.0	NA	NA	NA
2L	7407208	7407501	CG32727	+	0.24831223487854004	0.4808117747306824	-39.32532404225841	1035.9585735854841	1.0	NA	NA	NA
2L	7411777	7411906	CG42246	-	0.3160337507724762	0.46676206588745117	-0.9689922646958699	872.1446646756904	1.0	NA	NA	NA
2L	7412668	7412758	CG42704	+	0.2540084421634674	0.40236762166023254	-204.96044514973957	699.1257731119791	1.0	NA	NA	NA
2L	7413869	7413963	CG42705	+	0.2568565309047699	0.37049564719200134	-156.15489075031687	997.9614718822722	1.0	NA	NA	NA
2L	7417253	7417437	CG34337	+	0.24567510187625885	0.43879276514053345	-109.00989222008249	880.8786936220915	1.0	NA	NA	NA
2L	7418594	7418963	CG9657	+	0.21244725584983826	0.43163782358169556	-13.0062331584734	1327.202762097201	1.0	NA	NA	NA
2L	7424527	7424842	CG15036	-	0.13027426600456238	0.30102771520614624	-173.01174878317212	470.02920542822943	1.0	NA	NA	NA
2L	7425679	7425743	CG32726	-	0.17900843918323517	0.38688695430755615	-141.62156069278717	1073.1443700790405	1.0	NA	NA	NA
2L	7445387	7450119	CR45533	+	0.22719706558730274	0.49160637833108767	-0.16831069074139818	1237.161229923922	1.0	NA	NA	NA
2L	7450383	7450904	CR43199	+	0.23481012880802155	0.54728764295578	7.459769791782246	1356.6423813129798	1.0	NA	NA	NA
2L	7452209	7452299	CG11368	+	0.20137131214141846	0.43853259086608887	-1.5080000076029036	579.6990985446506	1.0	NA	NA	NA
2L	7453077	7453336	CG43198	-	0.2602320611476898	0.5256927013397217	0.0	1265.9670730649734	1.0	NA	NA	NA
2L	7460409	7461088	CR44500	-	0.23531735553481617	0.43926789816770706	-0.04901325006987104	1082.9647097243476	1.0	NA	NA	NA
2L	7487552	7488336	CR45534	+	0.23619650730064937	0.4657027508531298	-14.100867143090891	911.5072404511121	1.0	NA	NA	NA
2L	7493110	7493276	CR43278	-	0.252215176820755	0.48809677362442017	-15.82168720141951	1117.9127594361823	1.0	NA	NA	NA
2L	7494544	7494851	CR43279	+	0.18164557218551636	0.413295179605484	0.8712703843846772	785.7143401851094	1.0	NA	NA	NA
2L	7500443	7500748	CR43835	+	0.21814346313476562	0.38350462913513184	23.557180589144348	958.0479180007684	1.0	NA	NA	NA
2L	7547936	7547992	CG32719	-	0.2087552696466446	0.406530499458313	5.355000019073486	1102.364990234375	1.0	1	celltypeJW18.infectionwMel	6.22846125674369e-65
2L	7528304	7528796	CG43138	+	0.22953586280345917	0.502276599407196	11.693333339885	1379.7605030090829	1.0	NA	NA	NA
2L	7535625	7536959	CG32720	-	0.20212124772872525	0.4188013523370251	14.928425706308643	1231.1085738563825	1.0	NA	NA	NA
2L	7555778	7557496	CR44501	+	0.1916935645278036	0.43677614547737265	2.1364610006943847	1372.8248137369033	1.0	NA	NA	NA
2L	7562905	7563485	CR44502	-	0.19455750607724848	0.43776214585222045	2.5863793202001473	1201.5496594659214	1.0	NA	NA	NA
2L	7574290	7576767	CG11369	+	0.1924571471260977	0.41846074471321615	11.229410814577912	1207.3634093661688	1.0	NA	NA	NA
2L	7586071	7586131	CG12689	-	0.21413502097129822	0.430206835269928	0.0	1197.7233235677083	1.0	NA	NA	NA
2L	7608428	7609538	CG11387	+	0.20553160747429272	0.45137560845495345	0.48443243049823487	1306.958215222058	1.0	2	celltype_JW18_vs_S2	0.0
2L	7679331	7679621	CR45667	-	0.20295359194278717	0.49772343039512634	0.5048275857136167	1385.8004238786368	1.0	NA	NA	NA
2L	7679968	7680520	CR45666	-	0.20772334890089172	0.4553216946297798	0.9376811608672142	1302.080068173616	1.0	NA	NA	NA
2L	7681002	7681278	CR45665	-	0.21466244757175446	0.4429556429386139	13.927681079809217	1098.2363710265229	1.0	NA	NA	NA
2L	7708995	7709385	CG12690	-	0.21599048070418528	0.41530655782956344	-0.04871794906182167	977.5535763471554	1.0	6	wMel_vs_uninf	2.17049117964628e-21
2L	7707775	7708439	CR43287	+	0.21595511933317385	0.4176375043679433	0.02861445859433657	1074.7358510580407	1.0	1	celltype_JW18_vs_S2	7.65694573871376e-58
2L	7717791	7717932	CG15478	-	0.22215190529823303	0.49264994263648987	2.652765901798898	1270.0303305767952	1.0	1	celltype_JW18_vs_S2	0.0
2L	7722119	7722259	CG12153	+	0.23059071600437164	0.5033172965049744	12.825428680011205	1456.932417515346	1.0	1	celltype_JW18_vs_S2	2.4225594957838798e-176
2L	7728152	7728361	CG32721	-	0.21286919713020325	0.48133212327957153	1.73272724340906	1429.75892748673	1.0	6	celltype_JW18_vs_S2	5.8677563736195e-18
2L	7728755	7729374	CG12155	+	0.10579572283393539	0.24183707904546056	0.6911470174837575	1302.880196566728	0.827140549273021	1	celltype_JW18_vs_S2	5.571990223418e-111
2L	7734019	7734651	CG12151	-	0.0	0.0	-0.0648734171556521	547.5259173912339	0.5	1	celltype_JW18_vs_S2	2.9430361023170497e-57
2L	7734923	7735335	CG12156	+	0.0	0.0	-0.6246116507472923	415.20631554983197	0.6990291262135923	1	celltype_JW18_vs_S2	4.12559618948548e-33
2L	7736893	7737166	CG12157	+	0.0	0.0	-0.06959706872374147	543.661614610162	0.5	1	celltype_JW18_vs_S2	0.0
2L	7764982	7766826	CG12663	+	0.19262175897132292	0.4295364955759359	-0.4039696297262858	1190.7483351409978	1.0	NA	NA	NA
2L	7768737	7769161	CG34338	+	0.20918492329711058	0.5061623982663425	0.5983018976337505	1281.9709006255528	1.0	NA	NA	NA
2L	7778205	7778365	CG32718	+	0.22025316953659058	0.49642252922058105	-0.11437500081956387	1059.3349533081055	1.0	NA	NA	NA
2L	7826197	7826834	CG1402	+	0.1731012612581253	0.35046181082725525	767.3086218003014	963.3905851403061	1.0	NA	NA	NA
2L	7852481	7854244	CG10920	-	0.21631401381706286	0.4432433384153157	-0.566239361077023	1104.9328474191718	1.0	NA	NA	NA
2L	7858173	7858794	CG1409	+	0.22721518576145172	0.494341105222702	-8.913881010335425	1371.4515946982563	1.0	NA	NA	NA
2L	7866144	7866968	CG15326	-	0.2169831246137619	0.49069857597351074	0.792475723996035	1257.5267576939852	1.0	NA	NA	NA
2L	7872995	7873222	CG2175	-	0.2218586704016782	0.5180867991783545	-0.35400881102956866	1311.790244484788	1.0	NA	NA	NA
2L	7872827	7873640	CR43615	+	0.20835616183896785	0.4871404124801889	-0.39704796268637915	1294.2818033704018	1.0	NA	NA	NA
2L	7874394	7875680	CG15324	+	0.21245808241248687	0.4779000165024961	1.1862830495690668	1287.523638545818	1.0	NA	NA	NA
2L	7878490	7878836	CG42294	-	0.213185653090477	0.36581242084503174	2.4449711324851635	654.2120297823338	1.0	NA	NA	NA
2L	7880867	7881679	CG42293	-	0.2376091247745629	0.5044533605205601	-0.25312807583456554	1368.7084249862896	1.0	NA	NA	NA
2L	7883656	7884026	CG42292	-	0.2420036564002166	0.5129854170051781	-14.270702711955922	1280.0380658123945	1.0	NA	NA	NA
2L	7884660	7884985	CG15325	+	0.2618143558502197	0.5169767141342163	-50.55538353919983	1370.1904465895432	1.0	NA	NA	NA
2L	7887130	7888785	CG10932	-	0.26150044231616476	0.4977191018554019	-3.4625377585250448	1195.4747885196375	1.0	2	celltypeJW18.infectionwMel	2.46929130365835e-09
2L	7889066	7891646	CG17256	-	0.24810167350048243	0.5170835180569064	-22.075691561211226	1342.4375484496124	1.0	1	celltype_JW18_vs_S2	2.09579084752478e-41
2L	7893750	7893798	CG45089	-	0.22310127317905426	0.5297254920005798	-115.22000122070312	1147.760009765625	1.0	5	celltypeJW18.infectionwMel	5.28475476217974e-12
2L	7893750	7893798	CG18624	-	0.22310127317905426	0.5297254920005798	-115.22000122070312	1147.760009765625	1.0	5	celltypeJW18.infectionwMel	6.26994738770879e-12
2L	7894031	7896991	CG1422	+	0.19386043661852947	0.33717068382413	-633.3339615573234	779.8297166385136	1.0	1	celltype_JW18_vs_S2	1.84053382773805e-13
2L	7901243	7901331	CG10944	-	0.1978902965784073	0.4360608756542206	-49.117046963084825	1508.9448297674005	1.0	10	wMel_vs_uninf	2.03272682491717e-13
2L	7901062	7901203	CR34593	-	0.1978902965784073	0.4360608756542206	-49.4292195096929	1399.6405730551862	1.0	NA	NA	NA
2L	7901880	7902120	CG1430	+	0.1928270012140274	0.4160270541906357	-96.09250164031982	993.2799860636393	1.0	1	celltype_JW18_vs_S2	1.53762574561544e-41
2L	7908099	7908286	CG10946	-	0.1881856471300125	0.38818785548210144	-68.6421392512194	1147.7646014371658	1.0	NA	NA	NA
2L	7908931	7909537	CG1444	+	0.1936071748190587	0.3714726030236424	-85.59128720374784	1020.7708268873762	1.0	1	wMel_vs_uninf	9.996096206471951e-21
2L	7912089	7912979	CG1514	+	0.2021097093820572	0.412124365568161	-138.58262956597832	1186.8211824910024	1.0	1	wMel_vs_uninf	1.11953840881978e-206
2L	7919216	7920131	CG15329	-	0.20342844454317144	0.421874703475035	-26.770710351558332	1006.1892027808018	1.0	NA	NA	NA
2L	7920409	7920800	CG1515	+	0.22457805275917053	0.45531415939331055	-26.504449810213444	1196.1800449693294	1.0	1	celltype_JW18_vs_S2	1.4563244038077e-06
2L	7930874	7931382	CG10777	-	0.2298427669434097	0.4314872586117016	-117.13787208016463	1241.8969298835814	1.0	2	celltype_JW18_vs_S2	3.54492259823016e-72
2L	7933323	7933351	CG10778	-	0.21624472737312317	0.4101730287075043	-66.16714545658657	980.4142608642578	1.0	NA	NA	NA
2L	7933742	7934270	CG1524	+	0.2117136533964764	0.39720101248134265	-64.18841007984045	1031.3422726717863	1.0	1	celltype_JW18_vs_S2	2.52302782830275e-19
2L	7934898	7934932	CG1527	+	0.20738396048545837	0.3848055303096771	-91.81882072897518	818.7129444795496	1.0	10	celltypeJW18.infectionwMel	8.356665376962961e-09
2L	7935896	7937611	CG42593	+	0.2036487432158723	0.3652039122650992	-77.03236145090432	805.9019569970845	1.0	10	celltypeJW18.infectionwMel	1.2557804326119598e-11
2L	7946407	7946908	CG2206	-	0.2043249011039734	0.4013269245624542	-56.046986577991476	1004.8506185870447	1.0	2	celltype_JW18_vs_S2	5.8450867389791596e-49
2L	7955771	7955990	CG15332	-	0.2041139304637909	0.4532327353954315	-80.34666756407856	1455.3887666327769	1.0	NA	NA	NA
2L	7956064	7956702	CG15330	+	0.1886075884103775	0.4027579128742218	-100.2669589721297	1171.1105958944577	1.0	NA	NA	NA
2L	7967440	7968236	CG2212	-	0.1922672399174628	0.4117576384065139	-127.40376816562672	1108.7496376229292	1.0	5	wMel_vs_uninf	9.5109990919413e-99
2L	7959274	7960898	CR45620	+	0.06084991166863609	0.1306184509567219	55.594186834183525	350.16661945812814	0.5066212407414219	2	celltype_JW18_vs_S2	6.0317052557931895e-33
2L	7964024	7964172	CG32858	+	0.19430379569530487	0.38675686717033386	-32.44270304087046	1231.4694989178631	1.0	11	celltypeJW18.infectionwMel	1.3022784260921898e-77
2L	7995697	7995793	CG1543	+	0.18808016180992126	0.3676336705684662	-8.152708401282629	1000.9399948120117	1.0	NA	NA	NA
2L	8019523	8021345	CG15333	-	0.0	0.0	55.144643546982735	-237.84827799121845	0.013203138135410396	NA	NA	NA
2L	8037262	8037517	CG2233	-	0.21044303476810455	0.3131260573863983	-288.0054894540824	528.4957689472274	1.0	NA	NA	NA
2L	8055967	8056137	CG2252	-	0.2574261694270022	0.32058172664221596	-1660.3335269703584	509.8290626077091	1.0	2	celltype_JW18_vs_S2	7.053070364317849e-70
2L	8061645	8062080	CG1560	+	0.26091347480642385	0.3136419314762642	-570.737009333468	206.95976932569482	1.0	2	celltype_JW18_vs_S2	3.26976832174913e-50
2L	8072502	8075466	CG2253	-	0.19954617191784776	0.3913582009382737	-230.40502784081016	916.0608080296896	1.0	2	celltype_JW18_vs_S2	2.93041035952306e-19
2L	8075877	8077680	CG1571	+	0.21812713347867138	0.34363870660728435	-591.9364343686561	655.0290134498059	1.0	NA	NA	NA
2L	8081430	8081605	CG2254	-	0.22510547935962677	0.40314817428588867	-43.264570345197406	566.7177176339286	1.0	NA	NA	NA
2L	8087104	8087213	CG2256	-	0.16656118631362915	0.38324442505836487	-139.9530279876989	609.9431197140195	1.0	NA	NA	NA
2L	8084256	8084846	CR45535	+	0.12974683940410614	0.3028489649295807	-206.52094943806276	285.88997254452465	1.0	NA	NA	NA
2L	8093775	8094064	CG2257	-	0.20315470755306494	0.43076007279557754	-225.80346114742716	1137.634171746594	1.0	2	celltype_JW18_vs_S2	5.50599049092019e-53
2L	8101069	8101454	CG2258	-	0.212341770529747	0.41303500533103943	-84.99345477215655	879.8603575867492	1.0	2	celltype_JW18_vs_S2	2.2621158497814397e-285
2L	8115417	8116147	CG2259	-	0.27018075993616286	0.5236807807259364	-19.933918080917778	1137.766551396618	1.0	2	celltype_JW18_vs_S2	3.22910146418497e-209
2L	8117012	8119130	CG1575	+	0.2733018746119383	0.41141875857897137	-91.41736826326857	704.7190486307837	1.0	1	celltype_JW18_vs_S2	0.0054674146125879
2L	8119355	8121147	CG2260	-	0.2976527756878308	0.385382868149983	-117.58632722869515	533.5162730189733	1.0	1	celltype_JW18_vs_S2	9.403668774850069e-22
2L	8135385	8135713	CG15335	-	0.27099156379699707	0.3663327693939209	-384.9543369572337	597.2077459940097	1.0	NA	NA	NA
2L	8129812	8131783	CG2116	+	0.2154814943875352	0.39611420786846474	-288.0497672875964	1024.2162411212582	1.0	3	celltype_JW18_vs_S2	0.0077970937208672
2L	8132285	8134967	CG10958	+	0.25420756469148026	0.4162179803799374	-484.0584242357953	902.1573611111111	1.0	NA	NA	NA
2L	8135824	8136066	CG2120	+	0.27602608637376264	0.37030642140995373	-332.90413268538543	533.4879195788675	1.0	NA	NA	NA
2L	8141636	8142279	CG2262	-	0.26893894742844077	0.4238474084930509	-13.868180484089473	881.9550547740693	1.0	2	celltype_JW18_vs_S2	3.76546694000375e-66
2L	8142550	8143835	CG17982	-	0.26388998010742987	0.45614936089701225	-10.940933651961242	937.3733074024957	1.0	2	celltype_JW18_vs_S2	0.0003584456441101
2L	8143904	8145602	CG2263	-	0.2691585491767901	0.4581923748073645	-12.504899897058664	941.6646687279151	1.0	2	celltype_JW18_vs_S2	0.0081555168871122
2L	8145839	8147855	CG2129	+	0.27238966801041176	0.4527022974595191	-27.99478354407651	953.7915693204365	1.0	NA	NA	NA
2L	8147949	8148705	CG15336	+	0.273917512761222	0.4280701561106576	-14.13455041470351	764.8706571387236	1.0	NA	NA	NA
2L	8148783	8149476	CG10959	+	0.2942526500032406	0.4614704329558093	-29.291053114171323	752.6345686919417	1.0	2	wMel_vs_uninf	0.0001633369526493
2L	8150731	8152275	CG10763	-	0.28556942889573045	0.4614866041805151	-28.670661010890427	927.1065128701956	1.0	NA	NA	NA
2L	8152948	8154533	CG18262	+	0.270825245327754	0.3997204562278952	-35.34971606062038	621.8806116531324	1.0	2	celltype_JW18_vs_S2	3.58230343301559e-06
2L	8154599	8157386	CG10961	-	0.2614790814984516	0.4387207456096167	-35.38639708638338	848.4563181736635	1.0	2	wMel_vs_uninf	2.04423923122029e-09
2L	8157628	8158386	CG1583	+	0.253508276549367	0.3824560185378334	-41.41314016860519	641.2931917135194	1.0	2	celltype_JW18_vs_S2	6.25109606852855e-37
2L	8160054	8160252	CG15337	+	0.23586498200893402	0.353583961725235	-119.2393921360825	793.22988244259	1.0	NA	NA	NA
2L	8161540	8162792	CG10761	-	0.21988514894113753	0.3608382471834128	-128.38680500610948	727.2198766641343	1.0	NA	NA	NA
2L	8163301	8163580	CR45536	+	0.2187763750553131	0.39039936661720276	-172.90508973043023	729.6222221347166	1.0	NA	NA	NA
2L	8164545	8165708	CG10759	-	0.25555924870080204	0.4182719116516392	-27.25361984553054	805.7314415338833	1.0	NA	NA	NA
2L	8169490	8170266	CG2278	-	0.26181733193471257	0.4068208673258418	-22.198092762956914	813.0619542230036	1.0	4	celltype_JW18_vs_S2	1.9955974367644e-06
2L	8176553	8177185	CG2272	-	0.3179371599343759	0.42600897506256646	-242.58813348601137	715.8614908532252	1.0	2	celltype_JW18_vs_S2	3.04818996957606e-07
2L	8178549	8179580	CG32717	+	0.4603894429225348	0.5680640143289021	-514.7533826596753	707.9276243814788	1.0	8	wMel_vs_uninf	3.0136617756988597e-122
2L	8240684	8240884	CG2147	+	0.44451478123664856	0.8108494877815247	2.0384000194072724	1713.9287927246094	1.0	NA	NA	NA
2L	8242951	8244016	CG10964	-	0.48428962174715573	0.7898481002995665	0.29012205740655533	1507.543905768596	1.0	5	wMel_vs_uninf	9.726012731694871e-25
2L	8242528	8242731	CG2151	+	0.4840717315673828	0.7781969308853149	-1.8989162606558776	1266.6659975850523	1.0	2	celltype_JW18_vs_S2	6.66356315982156e-123
2L	8251597	8251687	CG2286	-	0.523945152759552	0.8442825675010681	-3.85999989244673	1983.5849202473958	1.0	2	celltypeJW18.infectionwMel	3.59692204299287e-31
2L	8252670	8253456	CG1632	+	0.4970182303253931	0.8151990621144535	4.390381606328882	1698.6049341876392	1.0	NA	NA	NA
2L	8271163	8271409	CG10965	-	0.4667721390724182	0.8371276259422302	-38.68878064504484	2157.2974511123284	1.0	NA	NA	NA
2L	8273683	8273806	CG15343	-	0.5194092988967896	0.9881618022918701	-19.159999955960405	2362.2549086159806	1.0	NA	NA	NA
2L	8273412	8273754	CG1636	+	0.5194092988967896	0.9881618022918701	-25.212748784070822	2299.1851299798977	1.0	2	celltype_JW18_vs_S2	5.8584789803539e-61
2L	8366804	8367169	CG2302	-	0.20370151351575982	0.34912136433875723	-651.6532788002328	837.0681100505672	1.0	4	celltypeJW18.infectionwMel	1.0908399450193301e-59
2L	8324491	8325189	CR43695	-	0.28093739524270195	0.41697664934618767	-3.9148424244712623	720.1753843028771	1.0	NA	NA	NA
2L	8385781	8386315	CG1387	+	0.26627316719360566	0.4303303576922149	-77.67033795560344	817.7922553016006	1.0	4	celltype_JW18_vs_S2	9.69063871303066e-08
2L	8398940	8400003	CG10555	+	0.28005695121532775	0.3877122699092944	-0.8068485248374805	618.2807528764038	1.0	2	celltype_JW18_vs_S2	9.36107915048919e-10
2L	8406795	8407263	CG11190	-	0.2573334837061727	0.4064504362197004	-639.6905141325078	918.7467908288678	1.0	9	wMel_vs_uninf	1.15828202200443e-21
2L	8409663	8411658	CG32711	-	0.23587481912813688	0.380517446038717	109.15210724407414	833.5265808270677	1.0	3	celltype_JW18_vs_S2	6.200261900845321e-20
2L	8409272	8409364	CG18009	+	0.2637130916118622	0.4191492199897766	169.3082554029382	902.2147866953974	1.0	9	wMel_vs_uninf	2.19728073613583e-90
2L	8433744	8433809	CG32712	-	0.18101266026496887	0.3107844293117523	-6.517230928861178	147.57323573185846	1.0	NA	NA	NA
2L	8436273	8437820	CG12125	-	0.2111519831145434	0.3360276624858957	-803.5615975775099	663.6148639030432	1.0	2	celltype_JW18_vs_S2	2.3230650493057e-88
2L	8437057	8437294	CG1440	+	0.2032700479030609	0.35137245059013367	-191.1043875006181	594.1341709829081	1.0	5	wMel_vs_uninf	7.52086669727032e-26
2L	8441742	8442348	CG12123	-	0.2968918504101215	0.3932523420541593	-264.2297702952973	596.7879196519506	1.0	6	celltypeJW18.infectionwMel	0.0027048361264144
2L	8454132	8455069	CG11202	-	7.767855989117585e-06	0.0	32.13709694038969	302.4920395044023	0.009285924097437614	NA	NA	NA
2L	8456837	8457632	CG32713	-	0.0	0.0	35.88669186238223	331.4055568095273	0.009393105944091418	NA	NA	NA
2L	8460766	8460898	CG15347	-	0.0	0.0	22.792424404259883	469.87758058490175	0.5437152273741297	1	celltype_JW18_vs_S2	4.18064382008504e-85
2L	8461479	8461922	CG1474	+	0.14746835827827454	0.18316638469696045	10.038916654565265	496.4872696577292	1.0	2	celltype_JW18_vs_S2	1.67620864002458e-13
2L	8463296	8464438	CG12117	-	0.3352680902556237	0.39348075268773813	13.112049124913124	421.2138017297	1.0	1	celltype_JW18_vs_S2	1.15353723871833e-06
2L	8483586	8483885	CG33223	-	0.32478901743888855	0.334590882062912	36.86983246308904	60.707157288107986	1.0	NA	NA	NA
2L	8467443	8469012	CG12116	-	0.33206649714400616	0.40803445840504915	5.200828534695204	570.5238768247527	1.0	NA	NA	NA
2L	8470888	8470976	CG33962	+	0.3373417854309082	0.3771302103996277	1.1163635660301556	803.3631647283381	1.0	NA	NA	NA
2L	8473837	8474201	CG15350	+	0.35839910952599496	0.42131283969342054	0.9156044200062752	587.769778744205	1.0	NA	NA	NA
2L	8477117	8477195	CG15351	+	0.3548523187637329	0.4125146269798279	12.41538458604079	521.2823075514573	1.0	NA	NA	NA
2L	8479319	8479404	CG1478	+	0.3379746973514557	0.3721868097782135	8.344941161660588	284.08164457433367	1.0	NA	NA	NA
2L	8481837	8481958	CG11213	+	0.3012658357620239	0.4238324463367462	-1.3689255886826635	757.201491174619	1.0	NA	NA	NA
2L	8484194	8484279	CR43834	+	0.32035866379737854	0.33420059084892273	1.6694117433884565	364.75316925048827	1.0	NA	NA	NA
2L	8489469	8489535	CG12743	-	0.32858648896217346	0.40561988949775696	-21.960606401616875	610.4308998801491	1.0	NA	NA	NA
2L	8489348	8489637	CG33181	+	0.32858648896217346	0.40561988949775696	-18.506643757275643	597.418620073259	1.0	8	wMel_vs_uninf	8.5602454618282e-104
2L	8517373	8517420	CG1634	+	0.30791139602661133	0.25861844420433044	0.02340424821731892	16.900426093568193	1.0	4	celltype_JW18_vs_S2	9.61575575085676e-28
2L	8529312	8529698	CG11219	-	0.3391350209712982	0.3157278597354889	9.502798026089842	-27.233885891079286	1.0	NA	NA	NA
2L	8556596	8558781	CG12113	-	0.29260257003782	0.32628269438339863	48.74859152827886	268.9855623569794	1.0	1	wMel_vs_uninf	7.15899965495946e-95
2L	8559921	8560192	CG12112	-	0.26019547214367295	0.29337113996713365	28.661697257488857	429.42014732220076	1.0	1	celltype_JW18_vs_S2	8.45225077682325e-70
2L	8560322	8560813	CG11265	+	0.2574894428253174	0.2980356514453888	27.411527373397423	172.39718763672892	1.0	5	wMel_vs_uninf	4.61581222358574e-132
2L	8564408	8565178	CR46195	-	0.29388541718582056	0.31951735902142214	37.8176625592368	293.04862318162793	1.0	NA	NA	NA
2L	8570811	8570948	CG12111	-	0.2932489514350891	0.3094835579395294	13.54204365806858	47.18525461906934	1.0	NA	NA	NA
2L	8573562	8573593	CG2056	-	0.3007383942604065	0.3178092837333679	39.36000061035156	85.62000274658203	1.0	NA	NA	NA
2L	8574306	8574407	CG12065	+	0.31149789690971375	0.3252243995666504	23.686535183746035	185.35999638019223	1.0	5	wMel_vs_uninf	2.4850461053395897e-28
2L	8588811	8590774	CG12081	+	0.21482891970851625	0.330249070680937	16.713968525476986	572.3580138818136	1.0	5	wMel_vs_uninf	8.696361186492041e-58
2L	8591562	8591729	CG12659	-	0.20738396048545837	0.35865747928619385	4.539520956085114	915.5271803804501	1.0	5	wMel_vs_uninf	4.2683664021119104e-14
2L	8592031	8592591	CG12737	+	0.2151898741722107	0.31260570883750916	15.416285909925188	506.451498903547	1.0	9	wMel_vs_uninf	3.12916304366669e-62
2L	8603950	8606304	CG12109	-	0.2137203374806358	0.2698322501897609	11.912448042583284	370.5866482582838	1.0	2	celltype_JW18_vs_S2	1.3410512828908601e-161
2L	8650375	8650681	CG12154	-	0.24926160275936127	0.32717573642730713	51.68359487196978	467.1935205397263	1.0	NA	NA	NA
2L	8677063	8677464	CG12772	+	0.236286923289299	0.2959541976451874	0.136259351176514	396.7351626731511	1.0	5	wMel_vs_uninf	1.1385724561714e-38
2L	8681252	8681828	CG11284	+	0.24187763035297394	0.3048003017902374	-0.182361108250916	318.78791273964777	1.0	1	celltype_JW18_vs_S2	1.10591612858459e-48
2L	8690079	8690227	CG12108	-	0.2298523187637329	0.3181995451450348	-231.8110789737186	509.4421619724583	1.0	5	celltypeJW18.infectionwMel	1.30011179922515e-108
2L	8690327	8690627	CG1795	+	0.2298523187637329	0.3181995451450348	12.709733262062073	567.3436012776692	1.0	12	celltypeJW18.infectionwMel	7.141791809570289e-16
2L	8693257	8693620	CG11294	-	0.23966245353221893	0.3665929436683655	-4.964407684758675	545.9418139917462	1.0	NA	NA	NA
2L	8707684	8708006	CR44507	-	0.2509106979792162	0.3461147283915407	-22.194037565533417	582.9834814604765	1.0	NA	NA	NA
2L	8707974	8708184	CR44508	+	0.21029435821941922	0.3196751526423863	-20.508381371271042	660.265909249442	1.0	NA	NA	NA
2L	8709652	8709957	CG1787	+	0.1662447303533554	0.26902562379837036	-8.437442699416739	421.1777644923476	1.0	5	celltypeJW18.infectionwMel	1.60684511055549e-150
2L	8714476	8714924	CG2004	-	0.21993671357631683	0.34460777044296265	-11.878214309258121	622.9798199789865	1.0	9	wMel_vs_uninf	9.58113308305552e-46
2L	8714936	8715156	CG1785	+	0.24080552458763121	0.37800063219937413	-10.693999992717396	821.2523648348722	1.0	1	celltype_JW18_vs_S2	1.4783062366904999e-277
2L	8719963	8720277	CG1994	-	0.22911996669640208	0.36540889692534306	-9.334777090769665	652.5455929701495	1.0	1	celltype_JW18_vs_S2	4.25318041149751e-264
2L	8720520	8721109	CG1789	+	0.22685861314294295	0.37021206377520016	-14.455280267929181	724.7387450757375	1.0	1	celltype_JW18_vs_S2	1.3479278505878701e-35
2L	8724674	8725109	CR43297	+	0.0	0.0	-13.955632218547251	-45.67002320563656	0.05439944475375373	NA	NA	NA
2L	8785184	8785353	CG11354	-	0.24810126423835754	0.31039416790008545	0.0	645.0179846046944	1.0	NA	NA	NA
2L	8835306	8836724	CR45537	+	0.2625036406500215	0.32466000003269935	-0.027503526135123163	415.4773462508058	1.0	NA	NA	NA
2L	8838323	8838484	CG12075	+	0.2610759437084198	0.28710809350013733	0.0	166.00049557893172	1.0	9	wMel_vs_uninf	6.51180907737973e-36
2L	8898184	8898332	CG10701	-	0.2584388256072998	0.3651619553565979	-0.2683783761552862	544.6643276730099	1.0	1	celltype_JW18_vs_S2	0.0
2L	8898554	8900264	CG1885	-	0.26305104584721795	0.3729600336816576	-0.06023391819836801	577.8260745614034	1.0	1	celltype_JW18_vs_S2	5.6810998277211296e-83
2L	8901699	8901812	CG10648	+	0.2686708867549896	0.36802393198013306	0.20176991846709125	462.2663817279107	1.0	1	celltype_JW18_vs_S2	5.40181635698951e-281
2L	8906109	8906248	CG1871	-	0.2814345955848694	0.3332899808883667	-0.09669064789367236	223.49985817010455	1.0	1	wMel_vs_uninf	1.0773378487675599e-55
2L	8907068	8907744	CG42667	+	0.2597046494483948	0.31598803400993347	-0.02810650852304944	344.49082341843103	1.0	6	wMel_vs_uninf	1.4019821174443301e-39
2L	8920257	8920467	CR44111	-	0.25094935297966003	0.31130480766296387	17.12085681642805	373.10677025204615	1.0	1	celltype_JW18_vs_S2	1.88673119982512e-06
2L	8922888	8923687	CG12661	-	0.25311530270475024	0.3147735826214204	9.503904882412828	379.6496097340303	1.0	NA	NA	NA
2L	8923960	8924449	CG43255	+	0.25659767122356436	0.36582997782586296	5.925807746519584	555.3869110918728	1.0	NA	NA	NA
2L	8965801	8965912	CR43504	+	0.2528480887413025	0.35514503717422485	1.6131531418980778	554.4807181143545	1.0	NA	NA	NA
2L	8972908	8973380	CR43836	-	0.24404901884875055	0.305240194423724	1.9855932043707472	401.0198284731073	1.0	4	celltypeJW18.infectionwMel	3.54987730841917e-07
2L	8973655	8974255	CG10962	-	0.24640822485089303	0.3173572324216366	1.8591666887203853	543.6713340759277	1.0	7	wMel_vs_uninf	0.0
2L	8984320	8984442	CG12662	-	0.23217299580574036	0.3613893687725067	-4.623934558180512	683.0665563364498	1.0	NA	NA	NA
2L	8993305	8993431	CR42882	-	0.2686708867549896	0.35410434007644653	9.242063382315257	547.8399939158606	1.0	NA	NA	NA
