,16-cell germline cyst in germarium region 2a and 2b,Johnston organ neuron,Kenyon cell,Poxn neuron,T neuron T2,T neuron T2a,T neuron T3,T neuron T4/T5,T neuron T4/T5a-b,T neuron T4/T5c-d,adult Malpighian tubule,adult Malpighian tubule bar-shaped cell of initial segment,adult Malpighian tubule principal cell,adult Malpighian tubule principal cell of initial segment,adult Malpighian tubule principal cell of lower segment,adult Malpighian tubule principal cell of lower ureter,adult Malpighian tubule stellate cell of main segment,adult abdominal pericardial cell,adult alary muscle,adult antenna glial cell,adult brain cell body glial cell,adult brain perineurial glial cell,adult esophagus,adult fat body,adult glial cell,adult heart ventral longitudinal muscle,adult hindgut,adult lamina epithelial/marginal glial cell,adult midgut enterocyte,adult midgut*,adult midgut-hindgut hybrid zone,adult neuron,adult oenocyte,adult olfactory receptor neuron Gr21a/63a,"adult olfactory receptor neuron Ir56a+, Orco-",adult olfactory receptor neuron Ir75d,"adult olfactory receptor neuron Ir84a, Ir31a, Ir76a, Ir76b, Ir8a, Or35a",adult olfactory receptor neuron Or13a,"adult olfactory receptor neuron Or22a, Or42b, Or59b","adult olfactory receptor neuron Or47a, Or56a and likely other ORN types",adult olfactory receptor neuron Or47b,adult olfactory receptor neuron Or65,adult olfactory receptor neuron Or67a and likely other unknown ORN types,adult olfactory receptor neuron Or67d,"adult olfactory receptor neuron Or85a, Or43b",adult olfactory receptor neuron Or88a,adult olfactory receptor neuron Or92a,"adult olfactory receptor neuron acid-sensing, Ir64a","adult olfactory receptor neuron acid-sensing, Ir75a/b/c, Ir64a","adult olfactory receptor neuron unknown type, Orco-",adult optic chiasma glial cell,adult peripheral nervous system,adult peripheral neuron of the heart,adult pylorus,adult renal stem cell,adult reticular neuropil associated glial cell,adult salivary gland,adult tracheal cell,adult ventral nervous system,alpha'/beta' Kenyon cell,alpha/beta Kenyon cell,antennal lobe projection neuron,anterior ejaculatory duct,antimicrobial peptide-producing cell,artefact,auditory sensory neuron,bitter-sensitive labellar taste bristle,"btl-GAL4 positive female cell, cluster 1, likely to be ovary cell","btl-GAL4 positive female cell, cluster 2, likely to be ovary cell","btl-GAL4 positive female cell, likely to be ovary cell, sim+","btl-GAL4 positive female cell, likely to be ovary cell, sim+, H15+",cardia (1),cardia (2),"cardiomyocyte, working adult heart muscle (non-ostia)",cell body glial cell,central main body follicle cell ca. St. 6-8,centrifugal neuron C2,centrifugal neuron C3,choriogenic main body follicle cell St. 12,choriogenic main body follicle cell St. 14,choriogenic main body follicle cell and corpus luteum,columnar neuron T1,cone cell,crop,crystal cell,cyst cell branch a,cyst cell branch b,cyst cell intermediate,cyst stem cell,distal medullary amacrine neuron Dm3,distal medullary amacrine neuron Dm8,distal medullary amacrine neuron Dm9,distal medullary amacrine neuron Dm10,distal medullary amacrine neuron Dm12,dopaminergic PAM neuron,dorsal appendage forming follicle cell,early cyst cell 1,early cyst cell 2,early elongation stage spermatid,early-mid elongation-stage spermatid,ejaculatory bulb,ejaculatory bulb epithelium,ensheathing glial cell,enteroblast,enterocyte of anterior adult midgut epithelium,enterocyte of posterior adult midgut epithelium,enterocyte-like,enteroendocrine cell,eo support cell,epidermal cell that specialized in antimicrobial response,epithelial cell,escort cell,female reproductive system,follicle cell,follicle stem cell and prefollicle cell,gamma Kenyon cell,germ cell stage 4 and later,germline cell,"germline cell, unknown stage",gustatory receptor neuron,gustatory receptor neuron of the labellum,head cyst cell,hemocyte,indirect flight muscle,intestinal stem cell,labral sense organ mechanosensory neuron,lamina intrinsic amacrine neuron Lai,lamina monopolar neuron L1,lamina monopolar neuron L2,lamina monopolar neuron L3,lamina monopolar neuron L4,lamina monopolar neuron L5,lamina wide-field 1 neuron,lamina wide-field 2 neuron,late cyst cell branch a,late cyst cell branch b,late primary spermatocyte,leg muscle motor neuron,leg taste bristle chemosensory neuron,lobula columnar neuron LC10,lobula columnar neuron LC12,lobula columnar neuron LC17,main body follicle cell ca. until St. 5,male accessory gland,male accessory gland main cell,male accessory gland secondary cell,male germline differentiating cell,male gonad associated epithelium,male reproductive tract muscle,maxillary palp olfactory receptor neuron,maxillary palpus,mechanosensory neuron,mechanosensory neuron of haltere,mechanosensory neuron of leg chordotonal organ,medullary intrinsic neuron Mi1,medullary intrinsic neuron Mi4,medullary intrinsic neuron Mi9,medullary intrinsic neuron Mi15,mid-late elongation-stage spermatid,mid-late proliferating spermatogonia,midgut,multidendritic neuron,muscle cell,neuron of haltere,ocellus retinula cell,olfactory receptor neuron,"olfactory receptor neuron, coeloconics",optic-lobe-associated cortex glial cell,outer photoreceptor cell,ovarian sheath muscle,ovary cell,oviduct,pericerebral adult fat mass,perineurial glial sheath,peripheral glial cell,pheromone-sensing neuron,photoreceptor,photoreceptor cell R7,photoreceptor cell R8,photoreceptor-like,pigment cell,polar follicle cell,post-mitotic endocycling nurse cell,post-mitotic germ cell early 16-cell cyst,posterior midgut*,posterior terminal follicle cell ca. St. 5-8,principal cell*,proximal medullary amacrine neuron Pm2,sacculus/arista neuron,scolopidial neuron,secretory cell of the male reproductive tract,seminal vesicle,sensory neuron,skeletal muscle of head,spermatid,spermatocyte,spermatocyte 0,spermatocyte 2,spermatocyte 3,spermatocyte 4,spermatocyte 5,spermatocyte 6,spermatocyte 7a,spermatocyte cyst cell branch a,spermatocyte cyst cell branch b,spermatogonium,spermatogonium-spermatocyte transition,stalk follicle cell,stretch follicle cell,subperineurial glial cell,tendon cell,tormogen cell,transmedullary Y neuron TmY4,transmedullary Y neuron TmY5a,transmedullary neuron Tm1,transmedullary neuron Tm2,transmedullary neuron Tm3a,transmedullary neuron Tm4,transmedullary neuron Tm5c,transmedullary neuron Tm9,transmedullary neuron Tm20,transmedullary neuron Tm29,unannotated,visceral muscle of the crop,visceral muscle of the midgut,young germ cell
JW18DOX221117-1,0.025136749938544842,0.003784205841146481,0.002128616031391988,9.29375818810061e-06,0.0,8.333600148494546e-05,0.0,8.069200484006839e-05,0.0,0.0,4.001019830570186e-05,0.0,0.0003154558819879469,0.0,0.03198027324041194,0.022848959796486757,0.010287708776490432,0.0,0.0035433381679965525,0.008414414072858386,0.01991089488423604,0.00026990315515718527,0.0,0.045263144392604954,0.0,0.018350279967052796,0.0,0.00021031471453473132,0.008038896565016313,0.0,0.0,0.0007373772245291264,0.0009561764070243337,0.0003467954298914045,0.0,0.0,0.0,0.0,0.0,0.0,0.0,0.0,1.6015652897639004e-05,0.00023433571594872786,0.0,0.0,0.0,0.0,0.0031923086585259144,0.0,0.0,0.0,0.007657194616949271,0.005195685691467479,0.00011867389837321768,0.0001665655610973897,0.0,0.10932896698956525,0.03342287222397835,0.0,6.677572788518596e-05,0.0,2.9716277566536637e-05,0.020723901446646653,0.0,0.0,0.0,0.0,0.001051705241138452,0.00032379161383527734,0.0012007297451211859,0.0008412247921836145,0.0,0.0,0.014188978040357217,0.00032689132786151615,0.0,0.0,0.0,0.0,0.0,0.0,5.558695850132433e-05,0.010683590390646109,0.0038072862079791504,0.0,0.012001949773128377,3.16403618714055e-05,0.019281240783859486,0.0,3.360490553054893e-05,0.0,0.0003052754907331292,0.0,0.0014577838168895586,0.0,0.03251775875322126,0.010881644826340311,0.0,0.0,0.02043206120301152,0.026766438199439767,0.00014119409823743357,0.0015853704238707922,0.010723457647038439,0.005663224375845494,0.00944711881344713,0.0,0.008378724684841132,0.0010486802108544589,0.029683206316093717,1.4405819303873697e-05,0.0,0.0010858184300072513,0.014149992248866516,0.0009935932936822275,0.0,0.007016281016473104,0.0,0.0,0.0,0.0006285045557776978,0.15164752491963424,0.00011892626937237626,0.00025689720400805987,0.0002757410089318572,0.003808602445145022,4.1146260984630055e-05,5.34281368708903e-05,0.00010037704074673675,0.0,0.0,0.0,2.052221977267693e-05,0.0,0.006066692678582062,0.005623233907588508,0.009910214666648895,0.0,0.0,0.0,0.0,0.0,0.02527298575235371,0.026757878749060778,0.00022959068046407116,0.0,0.009233642948171838,0.0,0.0,0.0018971257099216834,6.33040259815742e-05,0.0,4.9672817543466113e-05,0.00014091645641578862,0.0002269461806110138,0.0001341040944743554,0.0,0.0,0.0,0.0,0.0,0.004206313271955366,0.0001954889019076227,0.00010595738996358023,0.0,0.0,0.0,0.0,0.0,0.0,0.0010636443859389376,0.0,0.0,0.001913652233600635,0.005336102432329351,0.0001314392734913424,0.0003561379549208207,0.0,0.004447902219207386,0.0016242139332567733,0.00013923440927780375,0.0,0.0,0.0,0.0,0.005418219097466801,0.0,0.0010743647645534875,0.0002415360032505281,0.02399538429485255,0.0288989134317287,0.0,0.0,0.0,0.009985779673049696,0.00011078929484451926,0.0,0.0,0.0,0.0,0.0,0.016380052642882014,0.0,0.0,0.00043183199497340416,0.0,0.00853671818366827,0.005515464661065414,0.0,0.003397419073346195,0.0,0.0,0.0,0.0001408996877565156,0.0,0.0,0.0,0.0,0.0,0.0,0.0,0.004784463340357037,0.0,0.0,0.0
JW18DOX221117-2,0.026114052098656654,0.0037281067296440324,0.002128961642007573,9.252185035140075e-06,0.0,7.619705202317056e-05,0.0,8.650112775913577e-05,0.0,0.0,4.069776701125224e-05,0.0,0.0003208729454953514,0.0,0.032113652239944564,0.02310597890456619,0.01034000109661089,0.0,0.003440771715477576,0.007800660177967828,0.019685629880084203,0.00027725688651242936,0.0,0.04558154876839524,0.0,0.018414923983861974,0.0,0.0002177373935573465,0.007941269692445081,0.0,0.0,0.000747533361340319,0.0009588136428691473,0.0003436103812843011,0.0,0.0,0.0,0.0,0.0,0.0,0.0,0.0,1.9862738191367385e-05,0.00022401400484237094,0.0,0.0,0.0,0.0,0.0031555924463742588,0.0,0.0,0.0,0.007414221941418279,0.005382422786180257,0.00010671161752744574,0.00016391664799596703,0.0,0.10928474019973441,0.0332577185060564,0.0,6.528350185335236e-05,0.0,3.0821438717048925e-05,0.020506757261535807,0.0,0.0,0.0,0.0,0.0010525769003295372,0.00031370890134070113,0.0012225574645363007,0.0006466568610789979,0.0,0.0,0.014167559678344014,0.0003307745028528214,0.0,0.0,0.0,0.0,0.0,0.0,3.8444958127621736e-05,0.01069282498899252,0.003768511208193132,0.0,0.012395973041786981,2.6415951509768628e-05,0.018981776359998166,0.0,2.733263388916295e-05,0.0,0.0003579070070110883,0.0,0.0015348567338594416,0.0,0.03172712991305904,0.011221765035407226,0.0,0.0,0.019867200880085985,0.026807735108153354,0.00013902960127547666,0.0016357196258064892,0.011303119602316274,0.0055161994782923565,0.009958871556183966,0.0,0.008452360356759175,0.0008326390170459029,0.029875870570727596,1.4075206395823072e-05,0.0,0.0010883695863727625,0.013615533059672,0.00102845004669011,0.0,0.00710487126436912,0.0,0.0,0.0,0.0006432823795334804,0.15100348030393965,0.00010948091566097383,0.0002570998730498864,0.00028924585953694546,0.003768325125518089,2.9509320318563606e-05,5.507495991291085e-05,0.00011201965672627034,0.0,0.0,0.0,1.7969045747473535e-05,0.0,0.006615254736343361,0.004983185063711692,0.009846773031340341,0.0,0.0,0.0,0.0,0.0,0.024688978071022702,0.027475134584434985,0.0,0.0,0.009083090436631656,0.0,0.0,0.0018905044911631623,6.660128314007448e-05,0.0,4.183599232567514e-05,0.00013590740091543973,0.00022849615041079833,0.00013307686148591582,0.0,0.0,0.0,0.0,0.0,0.004204999179805317,0.00018610897033694362,0.00010993175322207099,0.0,0.0,0.0,0.0,0.0,0.0,0.0010507636371868865,3.2597721004497496e-06,0.0,0.001855419915389613,0.005263386459183012,0.00012655830280267896,0.00036006813536728575,0.0,0.004318002349564563,0.0016076953551637568,0.0001363948049743363,0.0,0.0,0.0,0.0,0.005600070221759591,0.0,0.0010838694400369013,0.00025453280662525327,0.024176606893082795,0.02918686157411868,0.0,0.0,0.0,0.010516163015974281,0.0001273819318785963,0.0,0.0,0.0,0.0,0.0,0.01641406241636286,0.0,0.0,0.00042329844075471746,0.0,0.0085840354175853,0.005622873914574755,0.0,0.0035730823090446232,0.0,0.0,0.0,0.00014575299866692964,0.0,0.0,0.0,0.0,0.0,0.0,0.0,0.0047615845781284775,0.0,0.0,0.0
JW18DOX221117-3,0.027259819638409052,0.0037976856701741808,0.002082325498151517,1.4506205491560067e-05,0.0,7.124280220102159e-05,0.0,9.067971493214329e-05,0.0,0.0,3.851652821004671e-05,0.0,0.000320057388702406,0.0,0.032321426888687686,0.023297741510562065,0.010253439235313357,0.0,0.004129318155216451,0.008183129735974237,0.019636314126693647,0.00027592411835706274,0.0,0.045193461929514005,0.0,0.018453075224606805,0.0,0.00021352289310283865,0.007291656820934975,0.0,0.0,0.0007430971258440578,0.0009548306986818511,0.00034225831437931903,0.0,0.0,0.0,0.0,0.0,0.0,0.0,0.0,1.5774247075881424e-05,0.00022378007422057633,0.0,0.0,0.0,0.0,0.0032195559898725817,0.0,0.0,0.0,0.007530426817240895,0.005346959639387458,0.00010729870060744705,0.00016937935820096148,0.0,0.10951952315961871,0.033182955433582365,0.0,6.772197299043327e-05,0.0,2.86760251934554e-05,0.020747396493222693,0.0,0.0,0.0,0.0,0.0010375977097651318,0.00031203857023717,0.0012027786686008622,0.00038682252365515926,0.0,0.0,0.013858976815551826,0.00031906077097136365,0.0,0.0,0.0,0.0,0.0,0.0,2.806704607184968e-05,0.010721915850047815,0.003826018389102356,0.0,0.013260021483889592,1.4359123584251754e-05,0.019110478774771077,0.0,4.0582475184118195e-05,0.0,0.00034712471382402314,0.0,0.001510039830064996,0.0,0.03198245483133767,0.011304860656426698,0.0,0.0,0.019823676746445452,0.026625919649264498,0.00022436486461708182,0.0015453893540983926,0.011667630120529043,0.005445207602696621,0.01036944373350027,0.0,0.008066355827903526,0.0008379550114226558,0.029852967727801744,2.0217191666538174e-05,0.0,0.0011331627182882384,0.012841007404396945,0.0010063014940197765,0.0,0.006969976612135937,0.0,0.0,0.0,0.0006397367885558487,0.14924241414380357,0.00010588367927326481,0.00027376858301785613,0.00027363784367125696,0.003760575005919128,3.628675217492316e-05,5.472190014234721e-05,0.00010326924582604675,0.0,0.0,0.0,1.444609220563814e-05,0.0,0.0067567734880997505,0.0052182217598231535,0.009959816036852654,0.0,0.0,0.0,0.0,0.0,0.025024715127657256,0.027195237024738538,7.532087130437237e-05,0.0,0.009082359465620115,0.0,0.0,0.0018342482520400398,8.108066243057182e-05,0.0,4.3755520160700086e-05,0.00014360243452783908,0.0002205673514303386,0.000145128719612568,0.0,0.0,0.0,0.0,0.0,0.004195240628037909,0.000191900972815143,0.00010742328990179893,0.0,0.0,0.0,0.0,0.0,0.0,0.0011218660202539227,1.1051455278052833e-05,0.0,0.001845415833509761,0.005302280440345833,0.00013631456110423814,0.0003483156175719903,0.0,0.004364308848189843,0.0016294002804973476,0.0001429778492455193,0.0,0.0,0.0,0.0,0.0051880630090838376,0.0,0.0010336074298007846,0.00023717958091573025,0.02420479842206524,0.02904592210933417,3.6838120373057507e-06,0.0,0.0,0.010351455159641032,0.00012633130152444672,0.0,0.0,0.0,0.0,0.0,0.016228797313046012,0.0,0.0,0.00041918147243187137,0.0,0.00859703038937185,0.0056805399619704695,0.0,0.0035146573994608967,0.0,0.0,0.0,0.00013520236676694815,0.0,0.0,0.0,0.0,0.0,0.0,0.0,0.004735235299683953,0.0,0.0,0.0
JW18DOX221117-4,0.026903943056938117,0.003749306351240887,0.001924628467067877,1.356843396446897e-05,0.0,7.638652337987627e-05,0.0,9.29174821272582e-05,0.0,0.0,5.21401076222335e-05,0.0,0.00031140488712969115,0.0,0.03255199542173618,0.023267901388608795,0.010401994375312721,0.0,0.003599802489927412,0.00831159445187856,0.019989796246395415,0.0002813264318207373,0.0,0.04535863083262694,0.0,0.01882369512576558,0.0,0.00020969345541804223,0.00767201752031239,0.0,0.0,0.0007463655186972498,0.0009475589767850777,0.0003463887549014072,0.0,0.0,0.0,0.0,0.0,0.0,0.0,0.0,1.3248143110383286e-05,0.0002243446457549743,0.0,0.0,0.0,0.0,0.003250702612689051,0.0,0.0,0.0,0.007585855430026377,0.005436660717860997,0.00011292729546512854,0.00016192344179268324,0.0,0.1101244502683439,0.032891071479261964,0.0,6.458568340495289e-05,0.0,2.8958503238872143e-05,0.02019785160090241,0.0,0.0,0.0,0.0,0.0010274522781702827,0.00031229320784870244,0.001204670634046637,0.001186693649207082,0.00018332958232368968,0.0,0.014396594632314201,0.0003240713775884465,0.0,0.0,0.0,0.0,0.0,0.0,3.549296313313791e-05,0.010646048553991502,0.003841680331880804,0.0,0.012834248463965539,1.8912737016933694e-05,0.019076113681496375,0.0,4.304343732143305e-05,0.0,0.0003765183600840519,0.0,0.00154467064470711,0.0,0.03120364002716797,0.011596285495307359,0.0,0.0,0.01979127874009166,0.02661721940649133,0.0001569675666998885,0.001643398489404596,0.010805582295166889,0.005674647921895946,0.010086030873503807,0.0,0.008411161208445124,0.0006886827668678352,0.030061689968648334,2.148097946228179e-05,0.0,0.0011335749605611897,0.012834976372072522,0.0010388776400831372,0.0,0.007010622044949791,0.0,0.0,0.0,0.0006318520542280382,0.1490224190005142,0.00012328324118385256,0.00026449688927324366,0.00029095333856932556,0.0037477227055555257,3.714447191797411e-05,5.9955605522439133e-05,0.00010720172550818525,0.0,0.0,0.0,1.6168591877056333e-05,0.0,0.0068101312449135075,0.005006295469613381,0.009718224038532834,0.0,0.0,0.0,0.0,0.0,0.024642891594548,0.0289019291593699,0.0,0.0,0.009228740703322262,0.0,0.0,0.0018613525990859353,7.390650368614822e-05,0.0,4.2683674457586986e-05,0.00013432558112195852,0.00022784819182138465,0.00012971497366150308,0.0,0.0,0.0,0.0,0.0,0.004216268074777523,0.00018508209129357658,0.00011017628907312976,0.0,0.0,0.0,0.0,0.0,0.0,0.001116452677069619,0.0,0.0,0.0018083452353636605,0.005193331256827886,0.0001392590858684455,0.00034947873071520126,0.0,0.004544939065608971,0.001535472231857767,0.00013997525039157423,0.0,0.0,0.0,0.0,0.004989951248998994,0.0,0.0010564328003425313,0.00025186447927541284,0.024085826645040824,0.027704214432379037,7.243043327493938e-07,0.0,0.0,0.010526536077434702,0.00013209146229716776,0.0,0.0,0.0,0.0,0.0,0.016134752962791866,0.0,0.0,0.000429793035612726,0.0,0.008594422406761157,0.0056097157618152866,0.0,0.003556440015118183,0.0,0.0,0.0,0.00014535822017990705,0.0,0.0,0.0,0.0,0.0,0.0,0.0,0.004810267387063605,0.0,0.0,0.0
JW18DOX221117-5,0.026853171357815626,0.0036907705654711034,0.002046923931870863,1.1038998166207112e-05,0.0,7.203452919216182e-05,0.0,8.893188547304835e-05,0.0,0.0,3.1059987315944206e-05,0.0,0.000328388927084432,0.0,0.0319065044897298,0.023419281752142085,0.010309999019666638,0.0,0.0037924440488075594,0.008521821549747456,0.020163060200865977,0.00026830941832021483,0.0,0.045158013561998826,0.0,0.018043133803785638,0.0,0.0002066131835342514,0.008034281002721915,0.0,0.0,0.0007375398517767191,0.0009474743810836859,0.00033974651073316294,0.0,0.0,0.0,0.0,0.0,0.0,0.0,0.0,1.2379337031152972e-05,0.00023052503561441895,0.0,0.0,0.0,0.0,0.003224900082771752,0.0,0.0,0.0,0.007572623644526648,0.005150527044752649,0.00010003904691960366,0.00016996536695409664,0.0,0.10779535607690988,0.03330511800355788,0.0,7.455975368327784e-05,0.0,2.8694177519819726e-05,0.020393343094269222,0.0,0.0,0.0,0.0,0.00103412898490903,0.0003304413234267263,0.0011819661972877224,0.0007054251227427224,0.0,0.0,0.014607658973545018,0.00032303970710830204,0.0,0.0,0.0,0.0,0.0,0.0,4.1199177709508e-05,0.010591223512833469,0.003950983161043688,0.0,0.012542169431110048,6.175233191159731e-06,0.01946639097562321,0.0,3.473492366032702e-05,0.0,0.0003584770348331764,0.0,0.0015806420348126388,0.0,0.03146079239132624,0.011412463929159998,0.0,0.0,0.019522568251937104,0.026862169061807908,4.127234316627141e-05,0.0016455797985920379,0.01119069817573721,0.005513725110447587,0.010434691187868368,0.0,0.008563022042512957,0.0007604033707750527,0.029677807210325015,3.441960197600543e-06,0.0,0.0010607193486974352,0.013689948906542812,0.0008678893004144004,0.0,0.007228115169153372,0.0,0.0,0.0,0.0006389021182014658,0.15072684108254364,0.00011622775047970708,0.00025554289910845586,0.0002850637864955373,0.0037607546374717146,3.143050022757312e-05,6.505976752478186e-05,9.217918004843077e-05,0.0,0.0,0.0,1.6239403868167138e-05,0.0,0.00653953597131301,0.00494159593293253,0.00994346398222762,0.0,0.0,0.0,0.0,0.0,0.025040138371142086,0.026976336728765635,0.0002860081816747685,0.0,0.009142814723532835,0.0,0.0,0.0019155593225252054,7.317887864797169e-05,0.0,3.92813845604932e-05,0.00011770772761827035,0.0002215423128742954,0.00014554332845612822,0.0,0.0,0.0,0.0,0.0,0.004175343236063727,0.00018472594051866022,0.00011054240984876327,0.0,0.0,0.0,0.0,0.0,0.0,0.001004459584815225,0.0,0.0,0.001767459653199255,0.005315405161567899,0.00013596080173426794,0.0003411259081083275,0.0,0.004235999444057237,0.001640594639593444,0.00013317536137175858,0.0,0.0,0.0,0.0,0.005650703889360521,0.0,0.0010641934694552357,0.0002466629218465388,0.024220667994776506,0.028588673590591522,0.0,0.0,0.0,0.010447603379756023,0.00012765847110457647,0.0,0.0,0.0,0.0,0.0,0.016326857562360585,0.0,0.0,0.00042064279067406094,0.0,0.008641438822516749,0.005736716388492011,0.0,0.0035061843686394075,0.0,0.0,0.0,0.00015586229767151368,0.0,0.0,0.0,0.0,0.0,0.0,0.0,0.004731856965323952,0.0,0.0,0.0
JW18DOX221117-6,0.025746439614332976,0.0038092889798399527,0.0023156763974727847,1.5451877437609154e-05,0.0,6.322190739725847e-05,0.0,9.505243790390258e-05,0.0,0.0,3.343874036157363e-05,0.0,0.0003385237181170379,0.0,0.0319878678200141,0.022850656856954085,0.010380276572683022,0.0,0.003344338865194949,0.007512432761565857,0.0194998534269117,0.0002775301930263521,0.0,0.04574818424776676,0.0,0.017896262253833853,0.0,0.00020651132129723913,0.009018219592661891,0.0,0.0,0.0007634633090877915,0.000969856495832524,0.0003533910132380602,0.0,0.0,0.0,0.0,0.0,0.0,0.0,0.0,1.2955399600823138e-05,0.00022826361667983505,0.0,0.0,0.0,0.0,0.0032022475842900465,0.0,0.0,0.0,0.0074099173331861464,0.005071764663772374,0.0001229413023819727,0.00016608711779722473,0.0,0.11030880685078769,0.03240952144361864,0.0,4.470083806636424e-05,0.0,3.559290546407491e-05,0.02045152754591435,0.0,0.0,0.0,0.0,0.0010466215740256492,0.00032562616135901407,0.0012053897383050992,0.0005582609208557968,0.0,0.0,0.015301415406134073,0.00033531311530443647,0.0,0.0,0.0,0.0,0.0,0.0,4.260717897229598e-05,0.010340258252166666,0.003669362101373703,0.0,0.013523274419653054,1.6559332559303536e-05,0.019198146575160113,0.0,3.110186124168704e-05,0.0,0.00036363736119369403,0.0,0.0015624089695052729,0.0,0.03114359067017644,0.010953772586922827,0.0,0.0,0.019631085980518596,0.027046093721938575,0.0,0.0018436147711200551,0.010731669577570999,0.005551735985832697,0.00972263365861812,0.0,0.007484671467325026,0.0008578612213483362,0.029795636843279294,1.4708683737121537e-05,0.0,0.0010863353668393244,0.013901278270719169,0.0011108914548956465,0.0,0.007369845907297291,0.0,0.0,0.0,0.0006454995774214053,0.15047465692590228,9.962005015419625e-05,0.0002209243939616798,0.00026255536610744827,0.00351741354405888,4.282930210811751e-05,6.161066630177828e-05,0.00010303153059407877,0.0,0.0,0.0,2.041572210731984e-05,0.0,0.007042872646539698,0.005512538257382119,0.010223605738860999,0.0,0.0,0.0,0.0,0.0,0.02470852244600999,0.027463804785033345,0.00010572592642351342,0.0,0.009168161114703779,0.0,0.0,0.001905027658220525,7.95144911238972e-05,0.0,3.5464072314265535e-05,0.00013853110246955777,0.00022640095407617234,0.00014120073847113005,0.0,0.0,0.0,0.0,0.0,0.004222637457973185,0.00019117574477695918,0.00010919912935253734,0.0,0.0,0.0,0.0,0.0,0.0,0.0009547239929428269,0.0,0.0,0.0018617462074049997,0.005530613100451787,0.00015208862574899793,0.0003274427264611655,0.0,0.0038326899049612407,0.0014826286935247816,0.00013875944475491193,0.0,0.0,0.0,0.0,0.005477069630124349,0.0,0.000997225495527742,0.00025035897332634,0.024399738097261914,0.02874731534212593,0.0,0.0,0.0,0.009925734661236316,0.0001287873896610625,0.0,0.0,0.0,0.0,0.0,0.017273917902056565,0.0,0.0,0.0004167187613562456,0.0,0.008552303064826164,0.0057816508214387,0.0,0.0036082897881004362,0.0,0.0,0.0,0.00014853361576124398,0.0,0.0,0.0,0.0,0.0,0.0,0.0,0.004833050278057404,0.0,0.0,0.0
JW18wMel221117-1,0.033878368679257816,0.0036241185355384378,0.003816722872373557,0.0,0.0,0.00027212127091868045,0.0,0.00012762598328798735,0.0,0.0,8.107511677684643e-05,0.0,0.0002549094116011526,0.0,0.027643853959942226,0.02285681481969776,0.006011010065303451,0.0,0.007700408391440491,0.0026185762527268855,0.01639191415276275,0.0002812481840147828,0.0,0.04052492740529685,0.0,0.019190917171131156,0.0,0.0002305956848315712,0.002705577951944459,0.0,0.0,0.00016101265115263974,0.0008483046734582803,0.00030191475848246897,0.0,0.0,0.0,0.0,0.0,0.0,2.4187862447962467e-05,0.0,0.0002909249414461402,0.0001382405381138979,0.0,0.0,0.0,0.0,0.0024165600191984327,0.0,0.0,0.0,0.011180800017016367,0.0032890535953190255,0.00012601774249027624,0.000325202869137154,0.00016890816984015814,0.1061304202018474,0.03214603210772828,5.129738424587951e-06,0.0,0.0,3.316110530524514e-05,0.01931350176827331,0.0,0.0,0.0,0.0,0.0007421075253220835,0.00015771431436114794,0.0012131752587700242,0.0,8.832488525982363e-05,0.0,0.01531145586045697,0.00034083144300347195,0.0,0.0,0.0,0.0,0.0,0.0,0.0,0.009673589467399754,0.002016365610080621,0.0,0.017386556661748914,3.387666765456599e-05,0.017782371960700347,0.0,0.0,0.0,0.00047741306420854277,0.0,0.001367164542493542,0.0,0.02293998967237217,0.007786730868955214,0.0,0.0,0.022326057209502464,0.027491193693310302,0.0,0.0028656152526627746,0.014836077587476236,0.0019139380636145746,0.020588540380679952,0.0,0.009503734159335904,0.0038511064528175473,0.027883547617849388,4.96957045394142e-05,0.0,0.0008255354606022638,0.018726778304416377,0.0019837773276088246,0.0,0.009061526617413856,0.0,0.0,0.0,0.0006541969189666719,0.1699021830378663,0.0,0.00020075995550911043,0.00032938315271651363,0.0019765797125341623,0.00018680145145359185,0.0,0.00012417317643776917,0.0,0.0,0.0,2.793671439120644e-05,0.0,0.0060736622832144385,0.00841044728198618,0.006532695079559741,0.0,0.0,0.0,0.0,0.0,0.02273768399032786,0.01897327380146942,0.0,0.0,0.009132433784046047,0.0,0.0,0.001989417566860546,3.234397017035518e-05,2.709975176394662e-05,5.093481367591469e-07,0.00033013509491417874,0.00016609671476873779,0.0001029934496148773,0.0,5.683198067585729e-06,0.0,0.0,0.0,0.004311920080756003,0.0001002752250155315,6.672987664550213e-05,0.0,0.0,0.0,7.094158479331521e-05,0.0,0.0,0.00040153696897917324,0.00010899764095180845,0.0,0.0024286188851984345,0.004240804679964941,0.00023909541895820292,0.00018116710666162456,0.0,0.0052438453925446,0.0010035632140775364,9.871052207777136e-05,0.0,0.0,0.0,0.0,0.010143459063904408,0.0,0.0005982099661855965,0.0002537073120516627,0.019587964162266245,0.03544760869476965,0.00016553068784639036,0.0,0.0,0.009797265518501524,0.00015380391516712743,0.0,0.0,0.0,0.0,0.0,0.012620288756014496,0.0,0.0,0.00019751969637236917,0.0,0.007826206228945127,0.0051117526164794515,0.0,0.002457687639658861,0.0,0.0,0.0,1.4926068324398686e-05,0.0,0.0,0.0,0.0,0.0,0.0,2.022540921609092e-05,0.004856197929750784,0.0,0.0,0.0
JW18wMel221117-2,0.03348192545462435,0.003559827982789129,0.0035912725673254795,0.0,0.0,0.00026721258822886445,0.0,0.00011727414021214515,0.0,0.0,7.019586151227152e-05,0.0,0.00027816775783489944,0.0,0.027163663081288238,0.023183520747260718,0.006083467495586621,0.0,0.008076421896742191,0.0023110519502256514,0.01634793686809961,0.00027636299110957055,4.406739604156731e-05,0.04186596024856855,0.0,0.0190629078350569,0.0,0.00023829130793887838,0.0036448254613495926,0.0,0.0,0.0001667158967055603,0.0008488877231337234,0.0002932495882929889,0.0,0.0,0.0,0.0,0.0,0.0,8.960922279195906e-06,0.0,0.000309090373986194,0.00014332228666975947,0.0,0.0,0.0,0.0,0.00241990126518067,0.0,0.0,0.0,0.011024760554755885,0.00321938240566354,0.00013091761309032708,0.000336973835171365,0.0,0.10674686035140298,0.03239864810971046,5.0335659682766804e-08,0.0,0.0,3.108135472204024e-05,0.019657932688831196,0.0,0.0,0.0,0.0,0.0007545713166227556,0.00017123813027216913,0.0011819985096486764,0.0,5.924886955277611e-05,0.0,0.01512816194706007,0.0003254846325145079,0.0,0.0,0.0,0.0,0.0,0.0,0.0,0.009270662037672576,0.0021081692560193975,0.0,0.017330407417971268,3.7395057160302e-05,0.017639202839557777,0.0,0.0,0.0,0.0005038068218954858,0.0,0.0013269003448224271,0.0,0.02296059314237181,0.0076528102787583666,0.0,0.0,0.02208347929813623,0.027452199551336084,0.0,0.002915282869670853,0.013954322628722506,0.0015930416189032907,0.020501480650963,0.0,0.009248355844115229,0.0033715522553766004,0.027891964898393677,5.616761366708107e-05,0.0,0.0008265151084146079,0.018749267706816737,0.002064010236090939,0.0,0.008948833519542256,0.0,0.0,0.0,0.0006544518827978347,0.1703600511593578,0.0,0.00020854039269118082,0.00031356554185027274,0.001942534773390144,0.00017241890236456434,0.0,0.0001229798938828867,0.0,0.0,0.0,2.4991696167978654e-05,0.0,0.0062376681602896245,0.008238949774379094,0.006553901048079997,0.0,0.0,0.0,0.0,0.0,0.021293436452320107,0.02062459815789082,0.0,0.0,0.009170177289133994,0.0,0.0,0.001964202566200829,3.926516721420929e-05,3.335250628384667e-05,0.0,0.0003275048695677529,0.0001703890652873679,9.881155819162033e-05,0.0,5.066700465260459e-06,0.0,0.0,0.0,0.004310795844451645,0.00010515851337980617,7.379692679644402e-05,0.0,0.0,0.0,5.527456319619245e-05,0.0,0.0,0.0005028107748963664,9.983499031325887e-05,0.0,0.0023786171844327256,0.0041269975671339235,0.00023924013295216557,0.0001829746087391686,0.0,0.005499941524856482,0.0010854562124420352,0.00010386372559838054,0.0,0.0,0.0,0.0,0.009509561306915042,0.0,0.0006289542651550995,0.00025127343375895946,0.020701107921384753,0.033743176740139554,0.00013913863462074462,0.0,0.0,0.009247788120145829,0.00020256345072277513,0.0,0.0,0.0,0.0,0.0,0.014344016508316113,0.0,0.0,0.0001602511051293913,0.0,0.007841033182879325,0.00507964182207926,0.0,0.002383161384707504,0.0,0.0,0.0,2.8158514437835874e-05,0.0,0.0,0.0,0.0,0.0,0.0,1.8284112744230977e-05,0.004892056030767534,0.0,0.0,0.0
JW18wMel221117-3,0.03480095315710856,0.0036784226548165406,0.0038835981620164006,0.0,0.0,0.0002841210217361341,0.0,0.00011793363558582984,0.0,0.0,8.223522289973066e-05,0.0,0.0002653820147522906,0.0,0.027294925685708876,0.022937654047071918,0.006383044890635726,0.0,0.0073608931440210315,0.0022787305287896454,0.01620951393448665,0.00031814120665407707,0.0,0.04052176921217573,0.0,0.019121617395566747,0.0,0.00023484033594369476,0.003724120533481712,0.0,0.0,0.00012724831583802758,0.0008370693244968853,0.0003073745874871792,0.0,0.0,0.0,0.0,0.0,0.0,2.948536291189016e-05,0.0,0.0002701150406738739,0.0001464718290405579,0.0,0.0,0.0,0.0,0.0024882877652220112,0.0,0.0,0.0,0.011389795896586574,0.0031862285938363834,0.0001191048003575332,0.0003093302596425403,6.435627643596971e-05,0.10679531197962806,0.03178205230256391,0.0,0.0,0.0,3.7966686779083976e-05,0.01911825094787658,0.0,0.0,0.0,0.0,0.0007233040515812245,0.00016605636748998282,0.0011865800901941974,0.00033325352611577106,0.0,0.0,0.01623402250308778,0.000364678496449824,0.0,0.0,0.0,0.0,0.0,0.0,0.0,0.009630766999973136,0.0019825075767854338,0.0,0.018317277657981957,2.3959778461605045e-05,0.018229979625618436,0.0,0.0,0.0,0.0005094759159332608,0.0,0.0014835547382674144,0.0,0.023303872482012683,0.007674586375117533,0.0,0.0,0.022023684355253714,0.027970344797532586,0.0,0.002820993849655474,0.014155962833035166,0.0019128861330336725,0.01909760748651699,0.0,0.009268387041416396,0.0036407046341155034,0.027949377460074858,4.230409685184142e-05,0.0,0.0008449461698577598,0.01779498877308831,0.0019402401173876,0.0,0.008983858117670458,0.0,0.0,0.0,0.0006586506355964749,0.1687735241009405,0.0,0.0002012513204328562,0.00031031278472412496,0.0021257116887953764,0.0001881903060415564,0.0,0.00012975401047816683,0.0,0.0,0.0,3.0451729841818326e-05,0.0,0.0062819668517850496,0.008346768858957269,0.0074017919961978105,0.0,0.0,0.0,0.0,0.0,0.023952931486586594,0.017941211860763005,0.0,0.0,0.00937872105391802,0.0,0.0,0.002016783225721374,2.1913097704986183e-05,3.17915756716161e-05,3.2005725732173214e-06,0.0003150547721986534,0.00016281661679728982,9.479386986330968e-05,0.0,1.0165296715622633e-05,0.0,0.0,0.0,0.00432130582365124,0.00010799939993011442,6.300552836636155e-05,0.0,0.0,0.0,4.376029161142435e-05,0.0,0.0,0.0004147093129494885,0.0001039830329044165,0.0,0.002239141447310959,0.0045293668104081,0.00026061330587400086,0.00018670194837585154,0.0,0.0053111724193857825,0.0010830522313142557,0.00010003082891149615,0.0,0.0,0.0,0.0,0.01016371763872233,0.0,0.000613537166262633,0.00026212222749301097,0.021009447738435993,0.033981935433749964,0.000143964605985331,0.0,0.0,0.009134834181540673,0.0001274587947010774,0.0,0.0,0.0,0.0,0.0,0.012003819057911237,0.0,0.0,0.00021131061433641313,0.0,0.00782331649348598,0.004792436068430198,0.0,0.0025668504173710143,0.0,0.0,0.0,1.1181119970149687e-05,0.0,0.0,0.0,0.0,0.0,0.0,1.657532294736635e-05,0.004878384221969393,0.0,0.0,0.0
JW18wMel221117-4,0.03423886655152679,0.003621207647320598,0.0036651531373054517,0.0,0.0,0.0002637328280695138,0.0,0.00012808193329825744,0.0,0.0,7.952308812579182e-05,0.0,0.0002711002199649806,0.0,0.027296135168875427,0.022872615952572742,0.00615761076230221,0.0,0.00821662327866946,0.002119342360228726,0.016229166725521875,0.000281466329865469,1.3800399162674958e-06,0.04101511896383797,0.0,0.01895758871404916,0.0,0.00023851120339232388,0.0032107502091162574,0.0,0.0,0.00012761533544247924,0.0008345718876870379,0.0003056528758006407,0.0,0.0,0.0,0.0,0.0,0.0,3.6198684925438267e-05,0.0,0.00028187980055178325,0.0001340816968127217,0.0,0.0,0.0,0.0,0.00248458742728473,0.0,0.0,0.0,0.01129961434931667,0.0032439651244315143,0.00013545533516499811,0.0003171397961149613,0.00044531796350449497,0.1068723533004968,0.03274672310837802,0.0,0.0,0.0,3.180747960986623e-05,0.01950052247746588,0.0,0.0,0.0,0.0,0.0007419976474147028,0.00016355682021237147,0.0011836257190910842,0.0,0.0,0.0,0.015925651863782156,0.00034860910367338937,0.0,0.0,0.0,0.0,0.0,0.0,0.0,0.009661627974784405,0.0020120406223343543,0.0,0.01752913361327484,3.3190555385389566e-05,0.01798238204125682,0.0,0.0,0.0,0.0004970909852001176,0.0,0.0013435314679362223,0.0,0.0230949998911622,0.0072628710269527896,0.0,0.0,0.02196020531366245,0.027571710743344535,0.0,0.0027805713748154386,0.014366408514596732,0.0018659918658651229,0.019646244560510732,0.0,0.009275202944667755,0.003163636377518777,0.027909506712903324,4.995734415729551e-05,0.0,0.0008526658260392208,0.018239421391436094,0.001971990842244539,0.0,0.008904738474746694,0.0,0.0,0.0,0.0006567877702983753,0.17010933733841702,0.0,0.0002096278656248719,0.0003209789204073679,0.0021292725783447126,0.00017590256931127715,0.0,0.00012732090203880974,0.0,0.0,0.0,3.0243749204659214e-05,0.0,0.006232832086572979,0.008773363084507468,0.006397444060461284,0.0,0.0,0.0,0.0,0.0,0.021790393626810976,0.01983209416883973,0.0,0.0,0.009195174688576916,0.0,0.0,0.0019560012645446147,3.632866455951348e-05,2.3338949947009386e-05,0.0,0.00031494010512994077,0.00017176459203946983,0.00010308725223683743,0.0,2.783586447584471e-07,0.0,0.0,0.0,0.004320371665452379,9.62584994492238e-05,6.298611097671288e-05,0.0,0.0,0.0,6.730717916924162e-05,0.0,0.0,0.000369159849987,0.00010055204791309249,0.0,0.00244437402875081,0.0042828376713553,0.0002474760842987999,0.00017723963574379812,0.0,0.005537652094718146,0.0010665805207051475,0.00010658272259309936,0.0,0.0,0.0,0.0,0.008933626334626877,0.0,0.000779618584221835,0.00024428034154327254,0.021268376913877386,0.03359653573179215,0.00015435852549996635,0.0,0.0,0.009009256767753677,0.00016662206180567246,0.0,0.0,0.0,0.0,0.0,0.01402567920820605,0.0,0.0,0.0001773605850723806,0.0,0.00786943011141414,0.004923901470361399,0.0,0.002488717432873452,0.0,0.0,0.0,2.350676598903769e-05,0.0,0.0,0.0,0.0,0.0,0.0,1.859033751069233e-05,0.004854224743903899,0.0,0.0,0.0
JW18wMel221117-5,0.033312877520895366,0.0036199925901208682,0.0037768285574943505,0.0,0.0,0.00027324857217292175,0.0,0.00012025267624961471,0.0,0.0,7.663126155422597e-05,0.0,0.0002646007433550754,0.0,0.027211000206842476,0.02354184629581194,0.006315275454787463,0.0,0.00808889770688873,0.002746699664493517,0.016352721419846797,0.0002715665181325911,0.0,0.04062294473117433,0.0,0.019274452339004572,0.0,0.0002290369432216697,0.003298546072293616,0.0,0.0,0.00013502352253889742,0.0008412754258192152,0.00030060255246034426,0.0,0.0,0.0,0.0,0.0,0.0,1.418337964097877e-05,0.0,0.00029335501525333416,0.00014253725887285247,0.0,0.0,0.0,0.0,0.0024286678904652387,0.0,0.0,0.0,0.011603816318350522,0.0032457518164225436,0.0001356801930105684,0.00034223518591928217,3.631551352711776e-05,0.10659382012592705,0.03265113410160209,6.07929355953828e-06,0.0,0.0,3.27406079965876e-05,0.01945440214886153,0.0,0.0,0.0,0.0,0.0007537858424736893,0.0001653746292328342,0.0011797396867200198,0.0,0.0,0.0,0.015042401850396615,0.0003307876433231614,0.0,0.0,0.0,0.0,0.0,0.0,0.0,0.009673586228402605,0.0020814766556272813,0.0,0.01763591033786412,2.7136341480173174e-05,0.017801417957857165,0.0,0.0,0.0,0.0004878153845931517,0.0,0.001338462697934522,0.0,0.023325060397630146,0.007753018216623036,0.0,0.0,0.022662717159858792,0.02774720740318131,0.0,0.0028191897467970766,0.014580293282573016,0.0017786922055997338,0.01964380870764278,0.0,0.009090051500983715,0.0035294975530366763,0.027618017358080203,4.944361974575513e-05,0.0,0.0008516870176425092,0.018422162224693048,0.001935360259200769,0.0,0.008758804745651187,0.0,0.0,0.0,0.0006450309697155681,0.17040681108755815,0.0,0.0002039922777585027,0.00029876114313292325,0.0019404532203659804,0.00018546565126783323,0.0,0.00011961935182824038,0.0,0.0,0.0,2.9573591523031393e-05,0.0,0.0064202735390402705,0.008669551210496017,0.006458470442101592,0.0,0.0,0.0,0.0,0.0,0.022413775263778135,0.018941201786863537,0.0,0.0,0.009270117068790532,0.0,0.0,0.00199495814188696,4.64440466263612e-05,3.0549081146636734e-05,1.513352784018725e-06,0.0003207143595395822,0.00016884362205564702,9.21057717343335e-05,0.0,5.858981911056684e-06,0.0,0.0,0.0,0.004307202479789526,0.00010213125114984299,7.308293982817582e-05,0.0,0.0,0.0,5.93552831271974e-05,0.0,0.0,0.00045171103388787795,0.00012087511378641522,0.0,0.00234379868398995,0.0041318040583843895,0.0002457679180442055,0.00017988617902450418,0.0,0.005430502450372145,0.0010774240383963879,0.0001020224894760319,0.0,0.0,0.0,0.0,0.009431367488650491,0.0,0.0006034331628861907,0.00025613471683509577,0.020777200932243518,0.03394145284379339,0.00015724439292622383,0.0,0.0,0.009304776662663727,0.00017700687180372427,0.0,0.0,0.0,0.0,0.0,0.012748770916503654,0.0,0.0,0.00017101736343403044,0.0,0.007788465809176219,0.0053871650156706585,0.0,0.0022728328438980532,0.0,0.0,0.0,2.4840229826881948e-05,0.0,0.0,0.0,0.0,0.0,0.0,2.3329895311256532e-05,0.004907366693802393,0.0,0.0,0.0
JW18wMel221117-6,0.03482904017332105,0.0034509632807777717,0.00381978586539976,0.0,0.0,0.00027745496885419756,0.0,0.00011970177194109262,0.0,0.0,7.841119858172942e-05,0.0,0.00026817959836277286,0.0,0.027718646238836634,0.023045477379536907,0.0062317805476320935,0.0,0.00839322199200407,0.002556634861670043,0.01649482487923422,0.00027333562567923014,0.0,0.04058484635268663,0.0,0.01902497690015873,0.0,0.0002290534870438679,0.0028681489538637884,0.0,0.0,0.0001454318517933023,0.0008413864359775706,0.0003058380210840373,0.0,0.0,0.0,0.0,0.0,0.0,2.617443344411974e-05,0.0,0.0002924764851563607,0.00014791263337635943,0.0,0.0,0.0,0.0,0.0024233493900153395,0.0,0.0,0.0,0.01194082883178529,0.0034296282039548995,0.00013205357242424687,0.0003359075779326996,0.00010462869915585078,0.106820531795841,0.032143333551869914,3.1474864444708833e-07,0.0,0.0,3.362453635869342e-05,0.019407685105109932,0.0,0.0,0.0,0.0,0.0007372841450262197,0.00016221464977725012,0.0011882223392457284,0.0,0.0,0.0,0.015258583573517812,0.0003397815310191137,0.0,0.0,0.0,0.0,0.0,0.0,0.0,0.00967426675700396,0.002029211990206604,0.0,0.017485731072729754,3.4887808543821786e-05,0.017540745390306485,0.0,0.0,0.0,0.0004950180801310377,0.0,0.001405026918435251,0.0,0.023290315116430777,0.007684347948211858,0.0,0.0,0.02212397991625472,0.027888886895151687,0.0,0.002866204895745955,0.014390406384180775,0.0019973517977763667,0.02020497096342002,0.0,0.009219489616091604,0.003725903634742461,0.027873785256106526,5.0754746157429276e-05,0.0,0.0008706119484354022,0.018084313917743847,0.0019489657543873937,0.0,0.008904705864743321,0.0,0.0,0.0,0.0006490524443421678,0.16870692180288305,0.0,0.00020094575749403718,0.00030475866500495293,0.0019031922750614748,0.00018492922114796774,0.0,0.00012277122263675623,0.0,0.0,0.0,3.1420190440436615e-05,0.0,0.006351114297338294,0.008470161067580185,0.006740640758999353,0.0,0.0,0.0,0.0,0.0,0.022431298923042506,0.019563906842572757,0.0,0.0,0.009198794890572008,0.0,0.0,0.0019721522918281784,4.061932695115365e-05,3.052854134517923e-05,0.0,0.0003181818965702012,0.00016989436124261026,9.693271817863124e-05,0.0,1.0115731794806172e-05,0.0,0.0,0.0,0.004321465340677774,0.00010460967411760007,6.594487183845637e-05,0.0,0.0,0.0,5.3556614430937444e-05,0.0,0.0,0.0005081464828673969,0.00011015011567772607,0.0,0.002405891115464164,0.0042042899719493074,0.0002579552500407736,0.00018396207031759793,0.0,0.0053355686661551984,0.0010487361526518358,0.00010315550402789701,0.0,0.0,0.0,0.0,0.00922480495303359,0.0,0.0005435745508770808,0.0002621636772256187,0.02040021432050519,0.03403458438146062,0.00016250825653132354,0.0,0.0,0.009248236424676018,0.00017505736146121922,0.0,0.0,0.0,0.0,0.0,0.012922665727579264,0.0,0.0,0.00017932231812844128,0.0,0.007709860826505376,0.005327022724298497,0.0,0.0023681652241852678,0.0,0.0,0.0,2.7400209779768005e-05,0.0,0.0,0.0,0.0,0.0,0.0,2.225310093980706e-05,0.004918842024537693,0.0,0.0,0.0
S2DOX221117-1,0.03293542432945189,0.0029142205396649507,0.0007869383336244006,1.0940990076806839e-05,0.0,0.0,0.0,0.00016726521763688228,0.0,0.0,0.0,0.0,0.00029424169032875015,0.0,0.035744748257111644,0.010320141894632841,0.0033540601791057583,0.0,0.015216018857023008,0.007143522222525854,0.009745574300066555,4.686757096047388e-05,0.00012728461807526477,0.04676820876936413,0.0,0.020229777043271297,0.0,6.5267965600209e-05,0.009581690066462697,0.006044742607825872,0.0,0.0001434036451641071,0.0007923874151251261,0.00043698662094072537,0.0,0.0,0.0,0.0,0.0,0.0,0.0,0.0,7.345611768188081e-05,0.00013560890473485605,9.653155161159427e-05,0.0,0.0,0.0,0.0017397506793994228,0.0,0.0,0.0,0.0,0.004074699885276681,0.0,0.0,0.0009566649283139923,0.10145572667823884,0.024591805771405774,0.00021473466395038556,0.00025078530066191925,0.0,3.405448612370099e-05,0.013476489650889848,0.0,0.0,0.0,0.0,0.0007181052181882552,0.00017627395891705187,0.0010962346110153663,0.00521696562664067,0.0,0.0,0.026917575595914473,0.0006064777889122418,0.0,0.0,0.0,0.0,0.0,0.0,0.0,0.007727370523187899,0.0009025105086583786,0.00555177145933459,0.0,0.0,0.017939387520831712,0.00011624521461911242,0.0,0.0,0.0016785662699306781,0.0,0.0018468544456836013,0.0,0.0047148120554929155,0.0020043461021211585,0.0,0.0,0.0025169148361991627,0.026002240243472054,0.0,0.0009385326852697945,0.0,0.005890258530029401,0.01462371438744002,2.351103119765548e-05,0.014673178887513388,0.0,0.03201462974455753,0.0001371225990179536,0.0,0.0008221297339195909,0.01398971281647948,0.0,0.0,0.011344024576396848,0.0,0.0,0.003023679868772741,0.00027833028454182795,0.2395176311498292,1.248379219170567e-06,0.00011573017978100872,0.0,0.0,0.0,9.44921803951565e-05,1.7387442304529314e-05,0.0,0.0,4.795099287285885e-06,9.173264603411628e-05,0.0,0.0035567363902227938,0.0034920305216388976,0.008417067415930388,0.0,0.0,0.0,0.0,0.0017478733803686095,0.01297767717560706,0.03798494406571257,0.0,0.0,0.01300299840950216,0.0,0.0,0.0005829600352928309,0.0002442478054328925,0.0,0.00016956535358300003,0.00033973428253555697,7.57740734014701e-05,6.433006838905234e-05,0.0,0.0,0.0,0.0007738662095812252,0.0,0.004508949121255147,0.00013335788201292316,0.00014515392258775825,0.0,0.0,0.0,0.0,0.0,0.0,0.0009927463218066005,2.2881948440854306e-05,0.0,0.0030334220292499237,0.005034392744289018,0.0005588304369936545,0.0,0.0,0.008263681573180286,0.0035029013377584945,0.00015758267403961316,0.0,0.0,0.0,0.0,0.0025577896453836376,0.0,0.001568597063699684,0.00021726083979383432,0.04809176160824451,0.0015551317970616569,0.0,0.0,0.0,0.011465856297245992,0.0003492639935169331,0.0,0.0,0.0,0.0,0.0,0.012035920438206312,0.004902251280247292,0.001057285816631333,0.00015461469605025383,0.0,0.004115752746689114,0.0022835883117830937,0.0,0.0015902141006924628,1.2080345396071557e-05,0.00036968779416994736,0.0,7.758629101952678e-05,9.565495826021311e-05,0.0,0.0,0.0,0.0,0.0,4.179346893843873e-05,0.004369687374722739,0.0,0.0,0.0
S2DOX221117-2,0.030218343439377043,0.0029873037044638564,0.001024975064945136,1.6926361246851705e-06,0.0,0.0,0.0,0.00017290692344800406,0.0,0.0,0.0,0.0,0.00030503896182454513,0.0,0.03526284233309654,0.010453687784748185,0.0033313517687776476,0.0,0.016961730730959614,0.007227488297828529,0.009068178444609774,4.266331383484772e-05,0.0001559457210978871,0.04751584725399733,0.0,0.019705747952296494,0.0,6.81523886961043e-05,0.009338488242967964,0.004672598526414755,0.0,9.003442897842715e-05,0.0008004544051381779,0.0004395192751467774,0.0,0.0,0.0,0.0,0.0,0.0,0.0,0.0,9.115633221184563e-05,0.00015549723103195655,9.020498066826573e-05,0.0,0.0,0.0,0.0017178278834446214,0.0,0.0,0.0,0.0,0.003733664400971495,0.0,0.0,0.0007848896147174847,0.103535829852986,0.025330053315563584,0.00021475470157164897,0.000252879017966802,0.0,3.2368910778504155e-05,0.013237483399264453,0.0,0.0,0.0,0.0,0.0007171481146742226,0.0001679624307774749,0.0011257575905974989,0.004754308101653633,0.0,0.0,0.02720538758071206,0.0006045492347933005,0.0,0.0,0.0,0.0,0.0,0.0,0.0,0.007505577799051486,0.0005921584095811054,0.006320875078529292,0.0,0.0,0.017957554155093175,0.0001277573254681112,0.0,0.0,0.001585776045717617,0.0,0.0020467663650581606,0.0,0.0044539603918645415,0.0020016654568242825,0.0,0.0,0.0017144387329484177,0.025865690507909368,0.0,0.0008468638922143978,0.0007485931959297707,0.00565440928173959,0.015683552694881864,2.075220595911643e-05,0.014523881192491227,0.0,0.031922814725679406,0.00012854534816026094,0.0,0.0007395091948904514,0.014384429467343739,0.0,0.0,0.011649229991972937,0.0,0.0,0.002871628710914184,0.00027053550161522106,0.24045838074615553,2.443515628977328e-05,0.00010947091118307686,0.0,0.0,0.0,0.0001026390600073375,5.6736133589946426e-06,0.0,0.0,8.684819204128622e-06,9.272998343142878e-05,0.0,0.003252006322995529,0.003624756633496623,0.009066610619216597,0.0,0.0,0.0,0.0,0.0023302190372898835,0.01089582515443199,0.039665064763466436,0.0,0.0,0.013125418724590956,0.0,0.0,0.0006138750660908212,0.0002482094197703941,0.0,0.00015735060727759334,0.00031709863586138344,7.88462422586047e-05,6.0984720821160564e-05,0.0,0.0,0.0,0.00057865759249434,0.0,0.004427842714897316,0.00011996003842244968,0.00014220136959837692,0.0,0.0,0.0,0.0,0.0,0.0,0.0008318151504025096,0.0,0.0,0.0030418653229471113,0.004830864253635556,0.0005523487627985816,0.0,0.0,0.008133167333845887,0.003454521016238419,0.00015686851131999186,0.0,0.0,0.0,0.0,0.0028356977761677658,0.0,0.0015319354817709466,0.00021425920725257842,0.0489718456058156,7.975680776407626e-05,0.0,0.0,0.0,0.010634718582964066,0.00034358805174308527,0.0,0.0,0.0,0.0,0.0,0.013134007239008405,0.0047544347328504185,0.0007324850269239711,0.0001643414072655401,0.0,0.003934533713712278,0.002503867003553994,0.0,0.001644953321233318,0.0,0.00038818356807352594,0.0,9.244131980188053e-05,0.00010918451605809241,0.0,0.0,0.0,0.0,0.0,4.398056854801887e-05,0.004163713800698845,0.0,0.0,0.0
S2DOX221117-3,0.030770147814952162,0.002950544716751132,0.0007972864056630941,5.843924302271047e-06,0.0,3.405172248714585e-06,0.0,0.000168707015135001,0.0,0.0,0.0,0.0,0.000297928902733353,0.0,0.03552923359288062,0.010654196692111538,0.0033925787900856283,0.0,0.01565503305537135,0.0076046977997814,0.009361111779868316,4.1093310331973126e-05,0.00012500045124913154,0.04722277048530347,0.0,0.01981591635285646,0.0,6.354637226062584e-05,0.009112186354968278,0.004984974854075598,0.0,0.0001248891199966198,0.0007967662517997316,0.0004369356895864484,0.0,0.0,0.0,0.0,0.0,0.0,0.0,0.0,9.595362349838504e-05,0.0001348773453001677,8.73608940075155e-05,0.0,0.0,0.0,0.0017493740926093023,0.0,0.0,0.0,0.0,0.0036653140125248785,0.0,0.0,0.0007948263213077846,0.10158599657256318,0.02564115182112309,0.00019448249178287205,0.00026807642718133654,0.0,3.629653724215368e-05,0.013446157475364925,0.0,0.0,0.0,0.0,0.000717827408207223,0.00017394902502019906,0.001106296983965431,0.004782863465261958,0.0,0.0,0.026972210896814494,0.0006031506124397136,0.0,0.0,0.0,0.0,0.0,0.0,0.0,0.007872240294170621,0.0008202927309761585,0.005789334436967437,0.0,0.0,0.018273316401738866,0.00011319601552439558,0.0,0.0,0.0015724887453287088,0.0,0.0018901570934330278,0.0,0.004959090378059837,0.0018993079775998763,0.0,0.0,0.00233759991638222,0.026526198068897493,0.0,0.0008615032156074616,0.0005353752526560977,0.006309988573070794,0.01498700774496197,2.4233083400075013e-05,0.014991475053129677,0.0,0.03196399723534569,0.00012651431546383134,0.0,0.0007489651764160974,0.014335836065778167,0.0,0.0,0.011532218747097533,0.0,0.0,0.0027891429201298123,0.0002673992677770726,0.24117135546063245,2.9489428619324524e-05,0.00011239425819030649,0.0,0.0,0.0,9.361707812373407e-05,1.4145656237574583e-05,0.0,0.0,1.0604850222180744e-05,9.554210559220126e-05,0.0,0.003169818300251789,0.003912064128966884,0.008450327059464732,0.0,0.0,0.0,0.0,0.00222166925539128,0.01196156157862114,0.03801959687681111,0.0,0.0,0.013234825696006482,0.0,0.0,0.0006544075133829901,0.00023697676986059738,0.0,0.00016828424715103582,0.00032470249420759185,9.05256884231268e-05,5.767904998449969e-05,0.0,0.0,0.0,0.000825309671972953,0.0,0.004470902546108624,0.00013217793771640608,0.00014282140990384622,0.0,0.0,0.0,0.0,0.0,0.0,0.0009787683715062334,6.975172873304728e-06,0.0,0.0031665152893434975,0.004968126177168381,0.0005525891294826933,0.0,0.0,0.008551399446143028,0.003557773225977923,0.00016307940903418044,0.0,0.0,0.0,0.0,0.0025805246623247092,0.0,0.001463919722507255,0.0002156842653149572,0.04855558512759412,0.0001764532019420786,0.0,0.0,0.0,0.010581272298011223,0.00032332097490694433,0.0,0.0,0.0,0.0,0.0,0.012658534502667265,0.0047928577624131,0.000516335308886782,0.00017059545643009863,0.0,0.003969912836985858,0.00244631149624095,0.0,0.0016753291379459348,0.0,0.0003840031476110608,0.0,8.532797797164712e-05,0.00010524485266847359,0.0,0.0,0.0,0.0,0.0,4.739768197019486e-05,0.004207524681794906,0.0,0.0,0.0
S2DOX221117-4,0.029294626383566377,0.002901225091996656,0.0010013713699975422,4.105728282388804e-06,0.0,1.8001521053355641e-06,0.0,0.0001607014454422221,0.0,0.0,0.0,0.0,0.0002835960855938153,0.0,0.035761483889887,0.010172330531765533,0.0031587381500358335,0.0,0.016338450204405948,0.007882702987372182,0.009327823912784037,3.63372800672476e-05,9.566424559524158e-05,0.047227118108120844,0.0,0.01991900702498399,0.0,6.441939757947029e-05,0.008688870682081826,0.006315786505750584,0.0,0.0001428421462279777,0.0007970584115209049,0.0004399302411384878,0.0,0.0,0.0,0.0,0.0,0.0,0.0,0.0,9.453429618313939e-05,0.00013298162260732491,8.971533979455121e-05,0.0,0.0,0.0,0.0018324845217236015,0.0,0.0,0.0,0.0,0.003960146006598637,0.0,0.0,0.0007955182168154271,0.1013770706463598,0.025185001847911604,0.0002014768074027984,0.0002703187508119143,0.0,3.5583447208518184e-05,0.013736663856792758,0.0,0.0,0.0,0.0,0.0007405240021860677,0.00017672625082482853,0.0011001603693925961,0.004623304592818572,0.0,0.0,0.02714588210214788,0.0005932395761263897,0.0,0.0,0.0,0.0,0.0,0.0,0.0,0.008098929511402758,0.000793835026516994,0.005343672207194207,0.0,0.0,0.01818961646142141,0.00011527241120758594,0.0,0.0,0.001629087328252306,0.0,0.0019439025244203057,0.0,0.004344076071333892,0.001688049279895488,0.0,0.0,0.001120975877556673,0.026269698532984505,0.0,0.001035846380762782,0.00011282513633580441,0.006090618691199338,0.01596639676599618,1.786087944420272e-05,0.014868265866166023,0.0,0.032002706877341046,0.00013925786714391957,0.0,0.0007420185836750948,0.014612801038985223,1.7242842968846177e-05,0.0,0.011581754586103912,0.0,0.0,0.002856772407864262,0.0002803588487498994,0.24133038459571693,3.0131575864376417e-05,9.474308280857083e-05,0.0,0.0,0.0,0.00010310501035611878,0.0,0.0,0.0,1.5503832450237168e-05,9.097027686472096e-05,0.0,0.00305066127338908,0.0036221036592372136,0.00836170685430933,0.0,0.0,0.0,0.0,0.002290851822629715,0.011375197353983424,0.036952303415658375,0.0,0.0,0.013001003564532017,0.0,0.0,0.0006493517672620086,0.0002444517077633509,0.0,0.00015949386336480293,0.0003292392159854716,8.339437347817904e-05,6.688716751516064e-05,0.0,0.0,0.0,0.0007981178434471561,0.0,0.00443047425496678,0.00012283456670917844,0.00014425157050655289,0.0,0.0,0.0,0.0,0.0,0.0,0.0008843657141476752,0.0,0.0,0.003184610110124053,0.004766644954491712,0.000548032655218954,0.0,0.0,0.008413115664222986,0.0034650759191930474,0.00015512092791236968,0.0,0.0,0.0,0.0,0.0030984299595281798,0.0,0.0014286955412732936,0.00021965397450774018,0.05013566003893236,0.002069527712123093,0.0,0.0,0.0,0.011401727861375154,0.0003029153349043021,0.0,0.0,0.0,0.0,0.0,0.011397990160960778,0.0056841672326100896,0.0004977106447173862,0.00018848049555123553,0.0,0.003997294112625689,0.0024040567219512994,0.0,0.0016901768642924705,0.0,0.0003972582083671438,0.0,8.944559669723905e-05,0.00010429700886670599,0.0,0.0,0.0,0.0,0.0,4.472033593321216e-05,0.004114499365742576,0.0,0.0,0.0
S2DOX221117-5,0.031841424491164665,0.0029165667703152406,0.0007490873611153651,9.545219593862789e-06,0.0,0.0,0.0,0.0001653933391234211,0.0,0.0,0.0,0.0,0.00029260271595663365,0.0,0.035772371698766924,0.010408160790297551,0.003532491013223294,0.0,0.015567967724337075,0.007836121550892965,0.009902427720613378,3.132696748856116e-05,9.798609632438551e-05,0.046702991430164605,0.0,0.01979048867431526,0.0,5.755050179638828e-05,0.008670370249656698,0.006165359991901755,0.0,0.00014086483595793245,0.0007967006749530295,0.0004430978916531079,0.0,0.0,0.0,0.0,0.0,0.0,0.0,0.0,8.307215449475226e-05,0.00013700628520172685,9.282754325866586e-05,0.0,0.0,0.0,0.0017828057184173577,0.0,0.0,0.0,0.0,0.0039340443632708486,0.0,0.0,0.0008648381967613127,0.10127032731911072,0.025335087107505615,0.00018787824421328593,0.0002691622760030251,0.0,3.460330892657067e-05,0.013313361123880327,0.0,0.0,0.0,0.0,0.0007072419224528705,0.00018943963535708244,0.0010823604890710515,0.005150135299962695,0.0,0.0,0.02673970982622777,0.0006058693231310682,0.0,0.0,0.0,0.0,0.0,0.0,0.0,0.008015481385644486,0.00089545117727343,0.006522008384976393,0.0,0.0,0.018000162659644665,0.00011919370203660586,0.0,0.0,0.0016259086275081604,0.0,0.0018597536148647444,0.0,0.005014296124937451,0.0017510275033970801,0.0,0.0,0.0028982609513907493,0.026495045531277652,0.0,0.0009664460982682979,0.0,0.006399152718074778,0.015057802709388009,2.652573080504634e-05,0.014269056290542908,0.0,0.032260508774940425,0.00013071987550857263,0.0,0.0008210712573158876,0.01423277483610001,0.0,0.0,0.011492052009144478,0.0,0.0,0.002814551462497276,0.0002706430125712012,0.2390867789224779,2.7129615560792677e-05,9.36828115558117e-05,0.0,0.0,0.0,9.027472761398508e-05,1.734324258551452e-05,0.0,0.0,1.0357510215014146e-05,9.655299650408858e-05,0.0,0.0033987978361748987,0.003968217411475554,0.008386678776815319,0.0,0.0,0.0,0.0,0.0018865938011555954,0.013817946911885702,0.03709362608112159,0.0,0.0,0.013169647701299494,0.0,0.0,0.0006432892431356614,0.00023057319580509843,0.0,0.00017265466841142314,0.0003173467106127186,9.124234775111126e-05,6.650554427060482e-05,0.0,0.0,0.0,0.0006735374210911357,0.0,0.004509810033101358,0.00014075695629292892,0.00014216023897298887,0.0,0.0,0.0,0.0,0.0,0.0,0.000984949720453335,0.0,0.0,0.0031876742609587318,0.005004437082001435,0.0005634848554509585,0.0,0.0,0.008482397774612288,0.0034713733811930084,0.00015676665469416842,0.0,0.0,0.0,0.0,0.0024791984632848434,0.0,0.0013897945745068477,0.0002208378087227453,0.048067710250964804,0.0008898131464178811,0.0,0.0,0.0,0.010860869387027025,0.0003390732188938853,0.0,0.0,0.0,0.0,0.0,0.012175511330386702,0.004007564136117824,0.0008745747390200505,0.0001684021748951112,0.0,0.004179141625699502,0.0021340913139066683,0.0,0.0015936999322520942,0.00010334238284482315,0.0003817101249486516,0.0,8.741758263651746e-05,0.00010295384765122261,0.0,0.0,0.0,0.0,0.0,4.494938288159201e-05,0.004308193856723882,0.0,0.0,0.0
S2DOX221117-6,0.03196364366794695,0.002924060033739835,0.0007917204177339828,1.085746019560375e-05,0.0,1.3189358107571936e-07,0.0,0.00016120199852851514,0.0,0.0,0.0,0.0,0.0002954589752794102,0.0,0.03572303051867277,0.010879934524532398,0.0035896951412211953,0.0,0.014725695370672334,0.007682836364335408,0.009909920193206067,4.414084382978813e-05,0.00010667377547873067,0.04683281097716585,0.0,0.020235597708729996,0.0,6.567261612739207e-05,0.00922992045886861,0.006296834483540773,0.0,0.0001502954460691098,0.0007820521983567882,0.0004401986560401714,0.0,0.0,0.0,0.0,0.0,0.0,0.0,0.0,8.63992451039462e-05,0.0001349655529197077,9.579061099932018e-05,0.0,0.0,0.0,0.0017551663443437112,0.0,0.0,0.0,0.0,0.004038119494723763,0.0,0.0,0.0008924287056369179,0.10085261588217367,0.025463328578081017,0.0001855272065420299,0.0002733659864393825,0.0,3.2667535234966656e-05,0.013546507094237612,0.0,0.0,0.0,0.0,0.0007203954502393049,0.00018500034432089411,0.0010704387981630395,0.0046535984181153055,0.0,0.0,0.026332253838461012,0.00061356428875895,0.0,0.0,0.0,0.0,0.0,0.0,0.0,0.00810161784094171,0.0009082955755645914,0.0063010694560447136,4.731721421269956e-05,0.0,0.018302485846637392,0.00011463333237757436,0.0,0.0,0.0015962234150536548,0.0,0.0017605074411416875,0.0,0.0050316729977044755,0.0016210230663195734,0.0,0.0,0.0029847948225331746,0.026583822070694384,0.0,0.000996333144905917,0.0,0.006349564405907335,0.015014384618359142,1.946259613950809e-05,0.014237758892302822,0.0,0.03205076670817946,0.00013560798287852677,0.0,0.0008365556747546707,0.014197199045909794,0.0,0.0,0.011423085918357037,0.0,0.0,0.0027325316844420233,0.00026384977724773793,0.24041085896479103,1.6366266603177196e-05,0.00010516438898378314,0.0,0.0,0.0,8.716308472157395e-05,2.5442989166311602e-05,0.0,0.0,9.12146648364979e-06,9.396212371525334e-05,0.0,0.0033106910044219625,0.003814076431374455,0.008257412552746857,0.0,0.0,0.0,0.0,0.0017008664681385012,0.013082036326058977,0.037010864203646535,0.0,0.0,0.013174745971524245,0.0,0.0,0.000644619798404128,0.00023649882244137772,0.0,0.0001749443283095469,0.0003338193059625496,9.160918452341702e-05,6.055601693774399e-05,0.0,0.0,0.0,0.0007580212458589397,0.0,0.00448884072186697,0.00014098989521237718,0.00014316317527662828,0.0,0.0,0.0,0.0,0.0,0.0,0.0010474764957024948,0.0,0.0,0.0032091491492036092,0.004794901915166577,0.0005542394132725645,0.0,0.0,0.008554207795889592,0.003433970030865818,0.0001600738138455449,0.0,0.0,0.0,0.0,0.0019990810995483914,0.0,0.001440957213424539,0.00021601280117194494,0.04756032023289485,0.001554496790945148,0.0,0.0,0.0,0.011049616066618004,0.00033162260055781334,0.0,0.0,0.0,0.0,0.0,0.012244245191170922,0.003912196700958209,0.0008500858970757772,0.00016269963070449382,0.0,0.004198921873022117,0.002536030617198494,0.0,0.0015965203462813605,0.00013710130424925777,0.00038036731278600825,0.0,8.422940876994913e-05,9.55524416518707e-05,0.0,0.0,0.0,0.0,0.0,4.562730853040194e-05,0.0042933811843673024,0.0,0.0,0.0
S2wMel221117-1,0.03347553362472508,0.0032248463000149044,0.0,4.4462277513339066e-05,0.0,0.00011110961390016178,0.0,0.0001369515877178682,0.0,0.0,0.0,0.00011756146885365627,0.00027210886317597505,5.209772789711662e-07,0.026620737044429323,0.01852343649972361,0.0023947984654402303,0.0,0.020151466672843465,0.006896740586968185,0.009367944704038123,0.00013206665832323424,0.00012983617226536412,0.04592354765309009,0.00016431111922490305,0.022124266927782774,0.0,0.00014861467469833416,0.013556195157744588,0.0012523539170900913,0.0,0.00018251231330006129,0.0007137885150589379,0.00038805063691211867,0.0,0.0,0.0,0.0,0.0,0.0,0.0,0.0,0.0,0.000187363707060397,0.0001258076630157723,0.0,0.0,0.0,0.001595293586070983,0.0,0.0,0.0,0.0,0.005947956002730088,0.0,0.0,0.002669081876759812,0.09596723518436392,0.018038699771460803,0.0001786496706702025,0.00029332977230209006,0.0,1.7189320276641323e-05,0.013609129873575048,0.0,0.0,0.0016535217522405936,0.0,0.0007165334991026433,0.00023039191859554488,0.0007775905298740005,0.0036327731676134415,0.0,0.0,0.02555086244993219,0.0004436563902774936,0.0,0.0,0.0,0.0,0.0,0.0,0.0,0.008515116680519307,0.0010472395165816997,0.0,0.0038396874414100258,0.0,0.019411277001695582,6.382476781769666e-05,0.0,0.0,0.0012326980338495607,0.0,0.0016591148013006434,0.0,0.0029023860419685435,0.00581955378155279,0.0,0.0,0.0035957140920687995,0.024502963404866625,0.0011990300883322445,0.0010800324582906804,0.004040530491868442,0.002064679926179251,0.014066245275929357,5.56005267750357e-05,0.012065833515211295,0.007898137307590354,0.030994246681500557,5.823607767179302e-05,0.0,0.0005462175034095211,0.014993062556616685,0.0,0.0,0.00923180086884098,0.0,1.9726933014896472e-06,0.0020854379183814784,0.0002862065705720789,0.21337871883684037,0.00016774467194364097,0.00015137644698730667,0.00012770168092793692,0.0,0.0,6.86336379882733e-05,0.00013074634911562356,0.0,7.588758964269524e-06,0.0,8.87503382703111e-05,0.0,0.003810680783753613,0.006035628312574227,0.01274509187788256,0.0,0.0,0.0,0.0,0.0006802084871979387,0.02921538515304059,0.03774080977678855,0.0,0.0,0.01213300807815377,0.0,0.0,0.0008986513962566906,0.00017595806857963534,0.0,0.0001298993917344405,0.0003330533701134706,7.457542161284637e-06,2.036398902585627e-05,0.0,0.0,0.0,0.00040047248079160143,0.0,0.0038748530601348447,0.000147687608298717,0.00015349063678343964,0.0,0.0,0.0,9.292791853851716e-06,0.0,0.0,0.0011523543805395803,2.6436405256196303e-05,0.0,0.001989988095534849,0.0038097915199200865,0.0005015381315033098,0.0,0.0,0.00708334714296895,0.0030028494219761608,0.00016614170719814905,0.0,0.0,0.0,0.0,0.007309286949331195,0.0,0.0013727646693020093,0.0001994188450782993,0.032631520926933846,0.007809183866290621,0.0,0.0,0.0,0.010542240352877787,0.0003570073372480727,0.0,0.0,0.0,0.0,0.0,0.020901441914368456,0.008842569793954832,0.0,5.506237397650172e-05,0.0,0.004919132790898349,0.006925690133111137,0.0,0.0017263570616659243,0.0,0.000454877366980643,0.0,9.434997239356842e-05,0.0,0.0,0.0,0.0,0.0,0.0,2.6732130519022325e-05,0.004520988591872108,0.0,0.0,0.0
S2wMel221117-2,0.03298063335537875,0.0032183378412379603,0.0,4.699912485166842e-05,0.0,0.00010984057481089291,0.0,0.00012680252210745408,0.0,0.0,0.0,3.623462343427905e-05,0.0002699002445054092,0.0,0.026300001063681525,0.018687034170241906,0.0023172612735364736,0.0,0.020879365892924634,0.006847049768600718,0.00901588996197192,0.0001375600763611789,0.00015154662252719566,0.04612676547250153,0.00016510084496041604,0.022012971384295473,0.0,0.00014833322555849197,0.013997155069975164,0.0014562742540889988,0.0,0.000170271220605883,0.000710923837727982,0.0003865004334544556,0.0,0.0,0.0,0.0,0.0,0.0,0.0,0.0,3.0506017449850206e-06,0.0001897564317749012,0.0001321226090436142,0.0,0.0,0.0,0.0015686951325118578,0.0,0.0,0.0,0.0,0.006059806841912025,0.0,0.0,0.002820293285883016,0.09633337495588817,0.01804771094300159,0.00018219945751898485,0.000293105222997368,0.0,1.3419915425226121e-05,0.013766424157305028,0.0,0.0,0.0016376428512811594,0.0,0.0007161401053396917,0.0002243318668270235,0.0007642468619878029,0.00312354241393289,0.0,0.0,0.02603928107726694,0.0004462408299939681,0.0,0.0,0.0,0.0,0.0,0.0,0.0,0.008367353010613959,0.0009523738986392071,0.0,0.003191294287607627,0.0,0.019721545836976627,6.375551482214743e-05,0.0,0.0,0.001267322000747727,0.0,0.0016369151651442495,0.0,0.0025534236121570885,0.005718381707292404,0.0,0.0,0.00371215013438984,0.02455370961317778,0.0011700212665489965,0.0010927003092898548,0.0033933504887591424,0.0020838309694670067,0.014123705372624877,5.351342406340599e-05,0.012163559464529794,0.0078378937183914,0.030837802059381567,5.57541582820848e-05,0.0,0.0005356644490803782,0.015120130631814442,0.0,0.0,0.009285114311961747,0.0,0.0,0.0020755172526455276,0.00027823696712074705,0.21455804336653006,0.00015552266566626926,0.00014567549758858183,0.00012762133527818967,0.0,0.0,6.879096209771168e-05,0.00012871950241874272,0.0,1.7383105932246786e-05,0.0,8.785751967786564e-05,0.0,0.0038210220842078654,0.005940738342195952,0.012901890645243858,0.0,0.0,0.0,0.0,0.0007397755005361192,0.027876200629465157,0.03802733415712153,0.0,0.0,0.012059674257734895,0.0,0.0,0.0008645454659866216,0.00017899675560288268,0.0,0.00013011462030001713,0.00033742826956379996,6.664509746654227e-06,1.6099452298173286e-05,0.0,0.0,0.0,0.0005065600169743998,0.0,0.0038524825969840104,0.00013902672480399663,0.00015000410862879468,0.0,0.0,0.0,3.084516590490473e-06,0.0,0.0,0.0011336436341346748,2.3618370704562024e-05,0.0,0.0019312166130623998,0.0037233281409920996,0.0004985912437927765,0.0,0.0,0.007135380680515014,0.002948334452957599,0.0001709358607452413,0.0,0.0,0.0,0.0,0.007102418173802962,0.0,0.0014171114391317715,0.00019166864758523954,0.032472555988438026,0.007667397212755664,0.0,0.0,0.0,0.010378701151316918,0.00035305974657777326,0.0,0.0,0.0,0.0,0.0,0.021389129571389498,0.009216684914738328,2.6805866120239363e-05,5.26916036348277e-05,0.0,0.004888232974999234,0.007179512506085234,0.0,0.0017271641393569028,0.0,0.0004550832157811512,0.0,9.407883562654642e-05,0.0,0.0,0.0,0.0,0.0,0.0,2.842781298375272e-05,0.004447812547090401,0.0,0.0,0.0
S2wMel221117-3,0.03505841153758235,0.0032103275414898766,0.0,5.14486730037479e-05,0.0,0.00010459929011311759,0.0,0.00012381758903186506,0.0,0.0,0.0,0.0,0.0002737105552745529,0.0,0.026784303651620534,0.01841249669183656,0.0024717840886291234,0.0,0.01957919805537399,0.0066877150217408985,0.00955989597520913,0.0001361923276885491,0.0001501440200875796,0.04566040998301886,0.00011717013310769069,0.02194322915323556,0.0,0.00014978699924193567,0.01364866440874318,0.001887326410879135,0.0,0.00020194940494893865,0.0007135830947905866,0.0003690316847329491,0.0,0.0,0.0,0.0,0.0,0.0,0.0,0.0,9.88923217692673e-06,0.0001833259159770435,0.0001272798979292972,0.0,0.0,0.0,0.0016424727770621708,0.0,0.0,0.0,0.0,0.006065808117966582,0.0,0.0,0.002559054202443467,0.09507965919377662,0.017945214388811043,0.00017162994662173675,0.00029462435769344876,0.0,1.757725705274419e-05,0.014031077288037149,0.0,0.0,0.001203888910768774,0.0,0.0007144311731522941,0.00023642087539504884,0.0007567841392849269,0.0036834781650086764,0.0,0.0,0.025550019627915796,0.0004398206430795028,0.0,0.0,0.0,0.0,0.0,0.0,0.0,0.008224807765177386,0.001030670658588453,0.0,0.003771510249756663,0.0,0.01916886964666039,5.9949654003429874e-05,0.0,0.0,0.0012363377957639256,0.0,0.00151380333103654,0.0,0.003357176615537247,0.0051864014056329415,0.0,0.0,0.003930307167702141,0.02459907862078134,0.0013037571303012672,0.001196604816938127,0.003683094297473257,0.0017780031344032396,0.013945509809765624,5.950394155469572e-05,0.012415912988756902,0.007482801678201941,0.030984288721385304,6.651168131477642e-05,0.0,0.0005599851044041341,0.014903525671220323,0.0,0.0,0.009146313678954703,0.0,8.467696641690273e-06,0.002134397275124075,0.0002872850198390397,0.21567124780110233,0.00016421924007028611,0.00014632182652159266,0.00014526032761505157,0.0,0.0,7.207331109253521e-05,0.00012690969478792918,0.0,7.827249654075395e-06,0.0,8.04297225770474e-05,0.0,0.0035415976771511096,0.005731476307437563,0.012327400069810339,0.0,0.0,0.0,0.0,0.0005584458955466005,0.028648064284214143,0.03725850792480186,0.0,0.0,0.012132900148624738,0.0,0.0,0.0008018648696465522,0.0001605685483944114,0.0,0.00013527276893801263,0.0003363848949332121,1.559252467838943e-05,1.4278741982408702e-05,0.0,0.0,0.0,0.0008502647227719048,0.0,0.003896748519010278,0.00015255306636992864,0.00015414456354980702,0.0,0.0,0.0,0.0,0.0,0.0,0.0011897081087015237,3.7320702562452356e-05,0.0,0.0020215434634546317,0.003838761727867165,0.0005070714967557519,0.0,0.0,0.007194804159800864,0.0029000978372095035,0.00016514143413674407,0.0,0.0,0.0,0.0,0.006922861441157581,0.0,0.001441058358108592,0.000178880133948814,0.03328113057167206,0.007561522095461669,0.0,0.0,0.0,0.010934693088126776,0.0003491112575482742,0.0,0.0,0.0,0.0,0.0,0.021057111812922535,0.008463602950853324,3.003094869814812e-05,4.995569807296809e-05,0.0,0.004888233971588898,0.006852720900966136,0.0,0.001807695752146829,0.0,0.00044948291837269535,0.0,9.829899303654571e-05,0.0,0.0,0.0,0.0,0.0,0.0,3.3348174983119614e-05,0.0045729293421107025,0.0,0.0,0.0
S2wMel221117-4,0.03384164112957804,0.003268166130540678,0.0,4.886179349393594e-05,0.0,0.00011308807840061788,0.0,0.00012621825739155142,0.0,0.0,0.0,1.8321026285373983e-05,0.00026960425792301704,0.0,0.026689719762240667,0.01826929797432868,0.0022547983160178396,0.0,0.02049864797156463,0.006306192501624633,0.009174692395274646,0.00014374879262464292,0.00015219852138672701,0.04608386729931652,0.00010066562497894472,0.022127499945800214,0.0,0.00015114365305312467,0.013445078186905789,0.002606573200113537,0.0,0.00018123381457163537,0.0007134957516750544,0.0003823439812338533,0.0,0.0,0.0,0.0,0.0,0.0,0.0,0.0,1.471506893112013e-05,0.00018336981465131845,0.0001251534007366893,0.0,0.0,0.0,0.0016150247984491072,0.0,0.0,0.0,0.0,0.005851229800566508,0.0,0.0,0.0027415784440386307,0.0957455021884214,0.017704060335092617,0.00017710466710159467,0.0002909349096326574,0.0,1.964745986877933e-05,0.013963115814593224,0.0,0.0,0.0014683146631752355,0.0,0.0007136983608745858,0.00022847058624871137,0.0007673829162983462,0.0032810510975576726,0.0,0.0,0.026018885044034292,0.00043321445594306733,0.0,0.0,0.0,0.0,0.0,0.0,0.0,0.008321427350892677,0.0009478385880452976,0.0,0.003542741282899764,0.0,0.019478005419277796,5.566541500508731e-05,0.0,0.0,0.0012432639840711554,0.0,0.0016192887617397314,0.0,0.0028664188705972886,0.00567393818772677,0.0,0.0,0.0029072416140646933,0.02450764260059209,0.0011106641746038673,0.0011075811585764704,0.003467682226218095,0.001948408329626591,0.014348606047062338,5.5962641518542434e-05,0.012129324899964164,0.007508486501397892,0.03111792153087726,6.545968111608405e-05,0.0,0.0005538938366257834,0.014717927314739473,0.0,0.0,0.009440022784487759,0.0,1.2270634941354127e-05,0.002139806357706425,0.0002906315142273999,0.21527026204146243,0.00017297044603146496,0.00015106369579209,0.00013664493263062385,0.0,0.0,7.676639980832486e-05,0.00012185804478701332,0.0,1.3693963124293273e-05,2.3788117143243725e-06,8.454270453950254e-05,0.0,0.0034646950958646143,0.005520953341796332,0.012604561070545537,0.0,0.0,0.0,0.0,0.0008627594708281654,0.028176445332904754,0.03816166899877627,0.0,0.0,0.012166575285417537,0.0,0.0,0.0008471524781574207,0.0001771332103488619,0.0,0.000128953299280775,0.0003357387096151738,1.2514440636129178e-05,1.9586720150854015e-05,0.0,0.0,0.0,0.0007146369838777056,0.0,0.0038602673055039946,0.00013835363370463095,0.00014959562756498423,0.0,0.0,0.0,2.6960719454175323e-06,0.0,0.0,0.0011022610187499903,2.5224062245002485e-05,0.0,0.002052534454935514,0.003789400832892832,0.0005084466696563207,0.0,0.0,0.0071759244673543325,0.0028974719087553717,0.00016541184491144725,0.0,0.0,0.0,0.0,0.007017852199062034,0.0,0.0014304703319759982,0.0001829450271324065,0.03419050510851021,0.006942052786282911,0.0,0.0,0.0,0.010363968743989148,0.00033740431535449943,0.0,0.0,0.0,0.0,0.0,0.021478654977542463,0.00901763828483505,0.0,7.033474650879974e-05,0.0,0.004834966961897411,0.006697227591583203,0.0,0.001745012780550388,0.0,0.00045708012379958116,0.0,0.00010133772906252327,0.0,0.0,0.0,0.0,0.0,0.0,2.7717197519046447e-05,0.004526013816942497,0.0,0.0,0.0
S2wMel221117-5,0.0376574841692601,0.0031542308483860494,0.0,5.323950927896927e-05,0.0,0.00010799500788523494,0.0,0.00014215784558199303,0.0,0.0,0.0,8.051538184395597e-05,0.0002645483227700748,8.943040334538603e-06,0.027292072938736343,0.01778589360497109,0.002306499864396989,0.0,0.01951469567783238,0.006521870972517193,0.00978372006674172,0.00013188206243787575,0.00015397778951567999,0.045264161554416496,0.00016635239582975126,0.02259431881033648,0.0,0.00015004954668340793,0.013016785179881583,0.002001784150030088,0.0,0.00020350862589913146,0.0007098871719683235,0.00036691013249666985,0.0,0.0,0.0,0.0,0.0,0.0,0.0,0.0,0.0,0.0001964367117771755,0.00012256470873541676,0.0,0.0,0.0,0.0015778739522992302,0.0,0.0,0.0,0.0,0.005835563762738178,0.0,0.0,0.0028857963559608363,0.09519264655041035,0.017576866830417048,0.00016721250131804054,0.0002913285994538301,0.0,1.7200197219313117e-05,0.013578966098936955,0.0,0.0,0.0012989143529804317,0.0,0.0006817529180098675,0.00023603299307972667,0.0007843978875773851,0.004218521523817029,0.0,0.0,0.026034659223232046,0.00043224274641526575,0.0,0.0,0.0,0.0,0.0,0.0,0.0,0.008138589223703226,0.001113260901372338,0.0,0.004718036203873654,0.0,0.019035035707812648,5.9094153889208777e-05,0.0,0.0,0.001248628164991516,0.0,0.0015848021834376919,0.0,0.003351306079002222,0.0060290748672921874,0.0,0.0,0.0029737596627039493,0.02418949804485751,0.0012414612752433892,0.0010026122736872677,0.0033963396309863,0.0021008404870939234,0.014362144543803348,5.9303427899416486e-05,0.01207345686533913,0.007499641309382289,0.03133527284436938,7.29739083178423e-05,0.0,0.0006234275313507988,0.013403822014112814,0.0,0.0,0.00931287886412878,0.0,1.5479917308914854e-05,0.002244108179848557,0.0002991031143847783,0.2120088768616966,0.0001749172866735821,0.00015423266345624139,0.00015475626404614956,0.0,0.0,7.927759485067556e-05,0.0001253026885102581,0.0,0.0,0.0,7.765085331091577e-05,0.0,0.0037519906066661975,0.005678857825392279,0.012528507517394044,0.0,0.0,0.0,0.0,0.0005295902679094666,0.02961088424071128,0.03792123118241308,0.0,0.0,0.011950617703048543,0.0,0.0,0.0008407835456932739,0.00016440673450897336,0.0,0.0001353824859945232,0.00032861755906696434,8.900085745311924e-06,1.6159445194046706e-05,0.0,0.0,0.0,0.0008424998024506947,0.0,0.0038862025252871177,0.00014435489766114392,0.0001549831383857106,0.0,0.0,0.0,1.2661391623376013e-05,0.0,0.0,0.001201243660778329,3.8595286937950585e-05,0.0,0.0019400612451650435,0.0040568563975070275,0.0005003948605431495,0.0,0.0,0.007041680477698039,0.002826030303467932,0.00016070784602060926,0.0,0.0,0.0,0.0,0.006924200940591445,0.0,0.001555442415048789,0.00018833949832413308,0.03457408902694465,0.007195482263657597,0.0,0.0,0.0,0.010468020690344545,0.00037226244643747677,0.0,0.0,0.0,0.0,0.0,0.021648635669803816,0.007509831548673633,0.0,4.2909020991829645e-05,0.0,0.004976688608612307,0.006581335143489856,0.0,0.001690734320835836,0.0,0.00045230697991689885,0.0,9.817109940344791e-05,0.0,0.0,0.0,0.0,0.0,0.0,2.6824504521372253e-05,0.00460109661199051,0.0,0.0,0.0
S2wMel221117-6,0.03157079437848651,0.0033143469889851404,0.0,4.1646102642739456e-05,0.0,0.00011371971732269462,0.0,0.00013693355696162954,0.0,0.0,0.0,0.0,0.0002701381897418054,0.0,0.026510473163518036,0.01819474686122381,0.002246149887480648,0.0,0.02203814024692233,0.006320033863620526,0.009049981330786189,0.00013483303949215323,0.0001565987548381877,0.04637188002434422,8.833376029064703e-05,0.02162319745148942,0.0,0.00015623974342126074,0.013271910104207032,0.002262634585586003,0.0,0.00014551213495193516,0.0007228691050469342,0.0003770965421238805,0.0,0.0,0.0,0.0,0.0,0.0,0.0,0.0,9.32063048856939e-06,0.00020131169001518968,0.00012114370546967523,0.0,0.0,0.0,0.0016610179292370828,0.0,0.0,0.0,0.0,0.005710901404449055,0.0,0.0,0.002654068204779735,0.09572321719223993,0.018479643613121984,0.0001997470807526588,0.00027620587200349157,0.0,1.8181346168367257e-05,0.014082062224007605,0.0,0.0,0.001484183628727428,0.0,0.0007085951595854688,0.00021389591067216945,0.0007999198074182842,0.0032660710230032856,0.0,0.0,0.026348201375279795,0.00044269922367078286,0.0,0.0,0.0,0.0,0.0,0.0,0.0,0.008250184312174266,0.000763294918370499,0.0,0.00274978422278922,0.0,0.019401134614661534,7.441181522770074e-05,0.0,0.0,0.0012042770464879345,0.0,0.0016769774070884973,0.0,0.0021704968759985285,0.005555930122024653,0.0,0.0,0.00321525133314935,0.02435732402090528,0.001034555225494493,0.0011192434301175779,0.004226242127150054,0.0019367614027348116,0.01422131398904931,5.180889573379721e-05,0.01216682774496487,0.007092447037456381,0.031101231914102922,5.730290313979814e-05,0.0,0.00048739728591712286,0.015415023395516779,0.0,0.0,0.009650864744297698,0.0,4.01603445486199e-06,0.002177044153986427,0.00028049077858240096,0.216515870743464,0.00016865365289005972,0.00014923168277161246,0.00012395336178640145,0.0,0.0,8.212109834613868e-05,0.00011996597101286494,0.0,2.1710953878751737e-05,0.0,8.596577322224767e-05,0.0,0.003438616769232571,0.0054874264834912844,0.012495314480112358,0.0,0.0,0.0,0.0,0.0011982414893564213,0.027344621958398607,0.038779761096452856,0.0,0.0,0.012187820433584688,0.0,0.0,0.0008282403894361003,0.0001795399112566649,0.0,0.00012938051834709567,0.0003311979117805842,5.258878121756543e-06,2.6917406866221805e-05,0.0,0.0,0.0,0.0009207467064732141,0.0,0.003841245951224814,0.00013352262450927712,0.00015168596044471384,0.0,0.0,0.0,0.0,0.0,0.0,0.0011339031997826252,2.0070175232422247e-05,0.0,0.002030189957832022,0.003824545253816042,0.0005100516463690273,0.0,0.0,0.007045732402078145,0.0029788132900526554,0.0001675012735237193,0.0,0.0,0.0,0.0,0.007086369402881697,0.0,0.0014385804496733535,0.0001817809316476109,0.03358298340482815,0.006528536224253136,0.0,0.0,0.0,0.010368940635057331,0.0003501144538088929,0.0,0.0,0.0,0.0,0.0,0.021579843167744694,0.010243442402758426,0.0,7.657421501322031e-05,0.0,0.004663713981454984,0.006584146261799817,0.0,0.001864068647797859,0.0,0.0004589535864761549,0.0,9.773700152906677e-05,0.0,0.0,0.0,0.0,0.0,0.0,2.5092408801821865e-05,0.004451069113174807,0.0,0.0,0.0
